record_id,source,star_rating,production_label,star_implied,lexicon_label,xlmr_label,text
7dae6756c46f2852cb87237b5352ed7a427b1e9f56215e9b3a1d066b5c90abce,app_store,4,positive,positive,positive,negative,"Updates everyday
The only con is it keeps updating everyday!! Which is pretty annoying. Other than that it’s quite good."
52589262b38c80d3c1cd9b1ecddb9660c654b34be4bb51a40222c04d0339741f,app_store,4,positive,positive,negative,negative,"Beneficiary Add
I am few time try to add beneficiary for permanent used but same problem is short name always come message no space last character try to one digit number and one to ten characters not working money in or out ok one time send money. 
This is little problem apps user 
Apps developers should get touched this point"
2e16e33e8a1b37fa026d0474d41f2df0cd04a7d544e5abc38c4f1b29cfb1cd4c,app_store,5,positive,positive,neutral,positive,"App
Smart App ever"
e2102819d0d7cf712e14385f0233933e7295f6359067b02c47f6cfeccb76c9df,app_store,5,positive,positive,neutral,neutral,"Remittance Certificate Needed
App থেকে Tax Year এর Remittance Certificate টা Download করা গেলে বেশ একটা unique বিষয় হত কারন Bangladesh এর কোনো Banking App এ Service টা নেই"
2a84e62ab5b694d09f68ce34f5b7f9054231d36eec4230a30fcaf8fa13fc050d,app_store,1,negative,negative,neutral,negative,"Having huge issues on ios!!
Don’t know what happened recently, but it shows in loading in iOS. Surprisingly it shows that Android OS needs to be updated!! How android will be updated in iOS!!"
594f6ef26ab6a4fe7ad0b77b2997f453e77b89a954fc203d3ea9a4e5d611a26a,app_store,1,negative,negative,neutral,negative,"Doesn’t. Work in IPad
The new version doesn’t work properly in Ipad. When the application starts up, it complains saying you need to update your android version. Although, it is running on IPad IOS. Both IOS and Astha is on most current version."
ae09bb58c759afc045c3871d9badca1c4d6b49177afbed1dc9d4cadd2657789a,app_store,1,negative,negative,neutral,negative,"A Disappointing Mobile Banking Experience from SCB
I am extremely disappointed with the SCB mobile banking app for retail users. Compared to almost every other banking app, including those of government-owned banks, it falls far behind in terms of performance, design, and usability.

The app loads very slowly, the interface looks outdated, and the overall user experience feels like it belongs to a much older era. Navigation is not intuitive, and many basic tasks take longer than they should because of the app's poor responsiveness.

For a multinational bank with SCB's reputation, providing such an outdated and inefficient mobile banking experience is simply unacceptable. Customers expect a modern, fast, secure, and user-friendly app that meets today's banking standards. I sincerely hope SC"
d5df30356c166ea0defbf0ebd7a6a80e5f7929ac7853fb58c08e5b94c228b7a5,app_store,2,negative,negative,neutral,negative,"Not working
When try to convert purchase-in emi. As soon the click its stops working"
6e53ba49f9f600165e6fa858b730033e7d9e7dbf6a3c53e3d7118a9621877dfc,app_store,1,negative,negative,neutral,negative,"Poor interface
The app interface is outdated and not user-friendly. It is often slow and buggy, making transactions frustrating. Adding and managing beneficiaries is confusing, and the overall user experience needs significant improvement. The app should be faster, more stable, and easier to navigate. ⭐☆☆☆☆"
0228a41e698cf279c3c1002c64b938013dfe84dd13aba82ab1e524cf397f2fdb,app_store,2,negative,negative,positive,neutral,"Fix it ASAP for better customer experience.
App Performance: I have noticed significant loading times immediately upon opening the app. This appears to be a software performance issue that affects the initial user experience.
  - Privacy and Security: Currently, the app displays my full account balance immediately after login. This is a security concern when using the app in crowded places. I suggest hiding the balance by default and allowing users to view it manually by clicking a ""show balance"" button.
  - Navigation: I have encountered several pages within the app that lack a clear ""back"" button. While there is a sidebar, navigating through multiple options often leads to pages where it is difficult to return to the previous screen.
  - Home Page Interface: To make the app more user-fri"
bf47df5fd64c85b01debbf3ab9a3290dc52824279afcadd9e01ceb9af8167777,app_store,3,neutral,neutral,neutral,negative,"Bug issues
Each and every time why I must register to alert messages?? I register every time but I popped out always. 👎"
71ae9327eecdc377f3e28c089adda4d51a17600e37c78735821fb8d6acf3430d,app_store,1,negative,negative,neutral,negative,"extremely poor features and UI
Poor UI and no useful features, cant easily download 1year worth statement, cant open DPS or apply for FDR. Even local govt bank sonali bank’s interface is better!!! I just want to make some time to quit SCB and move to brac or EBL already!"
cf84934b3ed7e85e7e37d1c8d12184d27dda2768b2b8686d740df647595b464e,app_store,1,negative,negative,neutral,negative,"Credit Card section is horrible and no Bank to MFS transfer facility!
Credit card section is hard to navigate and extremely confusing. Even when you pay the balance statement it doesn’t update to the current balance and leads to more confusion. and also, you can’t send money from card to Bkash or any other MFS."
08d349f22c9e14e9a89f54acd1c48fcd7edfee3e39e5bc1a523f627d86a33194,app_store,1,negative,negative,neutral,negative,"Interface and features
Most outdated interface as a banks app. Also everything is not functional & very limited features. I regret to go with SCB BD"
6b2d30518f7c4b045979882e11b20dd166dc1c927636f39cb0a4a4767ac91e43,app_store,1,negative,negative,neutral,negative,"not user friendly
Please improve this"
75e201b3340f2cd7695c6a0b68574f48f5b243be5eba99caec1792dc7e6b3ead,app_store,2,negative,negative,neutral,negative,"Not user friendly and inbox system is disgusting
All the time i open the app i need to enable inbox… what a joke"
8aa9b6cc8c3fdad63854c48c658528897291e723efe8559e9c3a0fe96621ad53,app_store,1,negative,negative,neutral,negative,"Disgusted
I use 3-4 bank apps. None of them are as lame as this one. Not at all user friendly, very complicated, and unnecesary bugs. Please invest some money into your app. This is obsolete technology. Please upgrade it to the bare minimum as other banks are doing"
b1f64ff71374b727b96dde7f2c21762c2d785d9bae1ec3b4b019f3bab2891935,app_store,1,negative,negative,neutral,positive,"Mobile app
Worst ever app I have seen though they are claiming one of the world best banking. Need to uninstall & install frequently to do any transactions."
1d1891cb9c35e9cef110e2c1111b8e2df126a2fdd1d0c64814badd889ef32a6e,app_store,2,negative,negative,neutral,negative,"Not user friendly
Complexity and features are dump"
3004d404ada814c2e7222560dea52949f8b7f0b6960799951cc1ccfb4638ce38,app_store,1,negative,negative,neutral,negative,"Update Not Downloading
The app cannot be accessed without updating. When I came to update, it is not downloading."
ecf33243b965231a952482b0dcf893f66ac4129c1d1fc1486cc2cb80df0985d4,app_store,3,neutral,neutral,neutral,negative,"Outdated
Not much features and less user friendly. Need significant improvements."
6775aaa60bb7886cfed7ffccdccdc775e161d8ccd3c79d717786169abf41e1a6,google_play,5,positive,positive,positive,negative,"Very good quality app, but the charges are high."
33e30c263a0e92e4bd2fba54302472969a700a26095f3ade0b8c034d500d630b,google_play,3,neutral,neutral,neutral,negative,Please add something like username remember or device biometric based passkey login system. Every time manually typing the Username and Password for login is very frustrating.
4b8ff6eb06017d14b21a36976b7bdd2b3cc9d2d98897ba6c930164b7541ae466,google_play,1,negative,negative,neutral,neutral,3rd class developer make the last update we want see him and crossfire
504b4d6899cdc0addec0034d9f86b94b54413ec50c0c9eba1662c49311312de1,google_play,4,positive,positive,positive,negative,User interface is not so good. Remember login ID need to be add. No ad money option.
992ba274b889256a6c9f100a18a0be1b3d3e9473ac0a815570a40991530b11d2,google_play,1,negative,negative,negative,neutral,It's a slowly app
208e472c30f3b1b2ac70b969bd4f59aa67d480d441896baf5f9ed678f8dd79c9,google_play,5,positive,positive,neutral,neutral,average
c92661e3309e78704b61cdd9fc258577ea51f0b1095a339da7997efe27ab30d8,google_play,3,neutral,neutral,neutral,negative,Quite back dated UI than other banks app.
08f09aced52dd30bc8252823b9884266e64daa019c40c0d0f069b6e740c87a5a,google_play,5,positive,positive,neutral,positive,"I think Brac Bank aestha is so much useful for the consumer of Brac Bank,I want that it should be developed more to get it's usefulness."
e9147990a6191b7e3978af3789f49be196f7d516fea0f4352d9a582e679b310c,google_play,3,neutral,neutral,neutral,positive,Please solve the issue of loading abd bugs.Expect this problem this is the best banking app ever...
2bb87f1c843025d932074b73f1106b76974fd9794abb1a54dcc69d615781f88d,google_play,4,positive,positive,neutral,negative,Bikash pull money option doesn’t function now!
7e50c6b42f4ce2df6ed61e4d39badef1764809fcdf5ea570e6864a1f0558dc31,google_play,1,negative,negative,neutral,negative,its harmful financial institution
47fa14d1ea9a5b38c4a7e16051bcc99d0de5f02c19c246e98386073276144c94,google_play,1,negative,negative,neutral,negative,says this device is rooted. my device is not rooted. fix it.
f52c8eddfbce6adc30867cefb7bd89f2758c37edd9a2556b1654d916409d970c,google_play,2,negative,negative,negative,neutral,Ashtha APPS Many Slow And Old Quality......
81d89273ed98092a5c233e1db1c6e712bd361d7ac0681ada33820cf89eba5f8c,google_play,5,positive,positive,neutral,positive,easy and safe
b89a760eb64f604ba7037b269ef4737e62f2216696223d5d291e4613458af8c1,google_play,1,negative,negative,neutral,negative,very poor service
06b7b6cb4908b180feaf900e2b04c1c72092da875cfae958d52a7500d0ef619f,google_play,1,negative,negative,neutral,positive,"অত্যন্ত হতাশাজনক কাস্টমার সার্ভিস! ২-৩ কর্মদিবসের মধ্যে অ্যাকাউন্ট অ্যাক্টিভ করার প্রতিশ্রুতি দেওয়া হলেও অনেক দিন পেরিয়ে গেছে কিন্তু কোনো সমাধান পাইনি। ডিজিটাল যুগে এসে একটি অ্যাকাউন্ট চালু করতে যদি এত দিন অপেক্ষা করতে হয়, তবে সেটা সত্যিই দুঃখজনক। অ্যাপের ইন্টারফেস ভালো হলেও তাদের এই ধীরগতির সার্ভিস অত্যন্ত বাজে অভিজ্ঞতা দিচ্ছে।"
542c0126c3df5253569e9cb39efd1d29a01a70fc8d3bf0418474bf0941534adc,google_play,1,negative,negative,neutral,negative,"এই ডিজিটাল যুগে এইসব এপ্স চলে না,,, এত স্লো বলার মত না,,, 5G মোবাইলে ও ঠিক মত কাজ করে না"
08d8271a8005212da1636cf03c08f1992ca2ccb11d45e0093957ff4f097d6d33,google_play,5,positive,positive,neutral,positive,very nice service 👌
a3106e4f5ac566a4abf8fd0b647976710802647ccb85d02534bdd09ae8b4fd40,google_play,5,positive,positive,neutral,positive,My some work are so easy.
b183842bfd8f1eea8adae51e1301bd6580950f5a169f368b1447020001294b1d,google_play,5,positive,positive,neutral,positive,Really Very Interesting ❤️🇧🇩
c0620d996186c11dcc4d226b25b2cb6f96e4c787ca58d9a0e069dadc97a77162,google_play,1,negative,negative,neutral,negative,Before the update it was possible to use this app in Huawei phone but after the update that update is not available for Huawei phones and without update it's not possible to open it! So you actually think about other users where it doesn't support this and lots of people are now using Huawei phone so it's hassle to use another phone just to use this app ! Please consider bringing the app for Huawei phones also! Would appreciate if you do thanks!
aebe1645ffb60d72ec6bb7f74c2f1e889ec6d5af8b069d74a1297a3eb53378d7,google_play,2,negative,negative,neutral,negative,This app isn't using comfortable in abroad 😕 😒 🙄
1a693dacd589fdeec6b0a6b77753fb155c353db3bb7abe5facf3db1b740c7246,google_play,1,negative,negative,neutral,positive,Super
b71bc337d10e1aa341fd70958de4c4ddb66c4ef55d29105f38b62326ac891f1a,google_play,4,positive,positive,neutral,neutral,Need to change/update UI/UX.
dc8718852a77bfdae317befffe93410d20d7e4f6f953239e540c2471b6ca69a4,google_play,5,positive,positive,neutral,positive,goo d
af41bb7ed6a5f7ea5e1dd07a051e142893460b1b2527d9e086daa27ee548149a,google_play,5,positive,positive,neutral,positive,I am very satisfied with this bank
8e4f677076ddc31582ea90bfb998c477d116fdccaddec253af485e38a9c600d4,google_play,1,negative,negative,neutral,negative,Now it says untrusted accessibility detected: App Lock. Dumb quality controller. App Lock keeps my phone safe from the wrong hands.
0ea2a74d91e9aee06ae3631196c9607659115869a6846038bfd2cfa8a6435d3c,google_play,3,neutral,neutral,neutral,positive,Very easy to use..
0ba186ae955e13504d6dc315eab2341d6d9de98481d8de9078f1c604a40724cd,google_play,3,neutral,neutral,neutral,negative,"Update is required but unable to update,also can,t open astha app due to this.kindly solve this asap ."
c3a9ecb0b21935ca2f2be945235f312980edda50bf864393b5e66cb8a6300b8f,google_play,5,positive,positive,neutral,positive,"It understands my demand. Whenever I want to know what I need, it informs me clearly."
9b4ab232dd9d39a571522e349f5ba8b9dd24e5123c81fbddb03b85d565050ba2,google_play,1,negative,negative,neutral,positive,Remove the unnecessary bloats to unlock more stars! 😂
7052d7d57572d422bf58dd7498afcc331e974dffb5a945c27e6ee78a2adadbcd,google_play,1,negative,negative,neutral,negative,Not working
276168843e97725e7e7460a3febd909c9240c6b700db7f307b4c48a549134457,google_play,5,positive,positive,neutral,positive,এই সময়ের সবচেয়ে সহজ ও নিরাপদ অ্যাপ। ধন্যবাদ ব্যাংক কর্তৃপক্ষকে।
c14335f25135657e5c4243c2fccd3cb4d566f044ba44787d339132fe2bb19c4e,google_play,1,negative,negative,neutral,negative,"ভুয়া, এক হাজার টাকা মাইর খাইছি"
fae472a3d451f4a4b210317afed72a3b877ebce637ba7c07e7f0d118bc215c86,google_play,4,positive,positive,neutral,neutral,Apps update hosse na. eta ekto solve koren
eaa07dd4874aeae9ea6b197fdaed7dac0ed015287bfe147c51b1a7158d6b17cc,google_play,1,negative,negative,neutral,negative,after the last update i can't use anymore
2e549dda8d9445936f755d826bf7002b97e7a547617a3093ed06445067c9a016,google_play,1,negative,negative,neutral,negative,cannot Install it in my iqoo 11 phone
c2db2052534284cd607fa042c3064ce19f21e44010c4f32f075e798fe03afbea,google_play,5,positive,positive,neutral,negative,in china it's very difficult to use this app...please fix it...even without vpn it was not working properly...at the same time other bank apps was working smoothly..thanks
12ca9c7c23c16cba0e89a2288b443ae12370771a5ed0f29fda02bc19e404bbe9,google_play,1,negative,negative,positive,positive,good app
132181942e29cdec906ecbc847796fef032f698a2801435f208765bf909b429f,google_play,4,positive,positive,positive,neutral,Best for NPSB but need to be smooth like Bank asia new version.
926c265897ef4e0ef75538d923d112cca008553e1415d5bdef6f249e29b6afcc,google_play,1,negative,negative,neutral,negative,"After last update, to open this app, i need to disable accessibility for several app and then turn off USB debugging just to open the app. Very long and inconvenient process, why does this app need so much security? Fix please."
0a353949d05dfb3eaddb78d8a379c3d79814696e41e3d614a79b254a657fce55,google_play,5,positive,positive,neutral,positive,"The app feels a bit slow at times, but it truly stands out as the best in terms of features. I have just one small request: please consider adding Daffodil International University to the education fee payment options."
0bd5b72856f1bff10ca375f7121ba8f257b01836d76df08a5758610ffbd2dee7,google_play,5,positive,positive,neutral,positive,nice apps
0f8216d61e6c76735ec9302f9e0031a8ad32bcf69ee272998887a8c73c0862ca,google_play,1,negative,negative,neutral,negative,পপ আপ এড ক্রস করেও সরানো যায় না। ইমার্জেন্সির সময় টাকা পাঠাতে পারছি না।
e80111a57ef3f6724ccecb856c6fb169041bd7991c7bf61a4d351b2d67a53662,google_play,5,positive,positive,neutral,positive,"I am a long-time customer of BRAC Bank. I have been using BRAC Bank's Astha apps for a long time. I can do everything in the app like sending money, paying bills, turning DPS on and off. I am using it smoothly, I have not faced any problem. A very good app."
43ca665ae1acf2ed57e58e5eee08b306e2ad0dd38b4139595107bcbdcfd0e901,google_play,1,negative,negative,neutral,negative,I can't install this app.
4ea56c082f12298ea1e88bd8922cb8bd0b61c0a450d233e9b1df390545fb6d2b,google_play,5,positive,positive,neutral,negative,can't open the app why ?
82ea59ca048c4857d9aa8817bcee85cacadd5e1e439d6b505c2f5c2f4b42b655,google_play,5,positive,positive,neutral,negative,plz help
66ed4253d30509dafacde4a3e221aaea9552eab5ef42e6696fc7f5dbc1720285,google_play,4,positive,positive,neutral,neutral,astha app solo kaj kore a chara baki sob tik ache
486de0013abdbc19c6117d01ab3b786cc18a7b200a84383f9e71fce02adfe051,google_play,4,positive,positive,negative,negative,Very slow apps need to update and lite version. loading loading play so disappointing.
c1c473d44874e67eadea75301fc79933c9976b8bcf874212ed20eddc0906e8e8,google_play,5,positive,positive,neutral,neutral,Okay.
b6be80feb0764e50ee30eb7f0f1b3d14e95749478c1c11690849b19f3e8eeda0,google_play,1,negative,negative,neutral,negative,disabled the usb debugging but still its showong the same warning again and again... trash app ever
82b4322ff7f3e23201214346d7a2b5ac91e43960f984cdb3195ac6a55a49c72b,google_play,5,positive,positive,neutral,neutral,very essaintial apps
e81d08b18eb59022eccf89fe96a837c38ae2d4fad987e7b5280e324c994b1591,google_play,5,positive,positive,neutral,positive,it's provide an awsom experience
fab9ea6e8a07d0a434e0ccb058e147254d20bc8c36101f0718d428573299e88c,google_play,1,negative,negative,neutral,negative,Used to be really smooth and easy to use. Now constantly fails to process simple requests such as transfer to other bank accounts or bkash numbers that are not beneficiary accounts. Fix this ASAP because otherwise I don't see a point of keeping this trash heap on my phone. This app is actually making me consider going full analogue when it comes to banking.
5526ff2857ad4edaa6a9d0584a9d0ed05e48764aff8ae322c1f5ac777f0fd3e6,google_play,1,negative,negative,neutral,negative,Bummer
3b2ee438996f57f37fda9305ad0a90f01cce4b028055cd209600ebd3591b4311,google_play,4,positive,positive,positive,negative,"The app was running good, but after update,the app is blocking access because it says ""USB debugging is enabled"". Please review this restriction or provide an alternative solution for users who legitimately use USB debugging. Thank you."
67c560e764836aa69bcf969e436b3e5b980a1c7ae998cfd3c375e2af4c20bc75,google_play,5,positive,positive,neutral,neutral,আমার মনে হয় ব্র্যাক ব্যাংকের আস্থা এপে যদি আপনারা আপডেট করেন তাহলে একসাথে গুগল প্লে স্টোর অ্যাপল অ্যাপ স্টোর এবং huawei অ্যাপ গ্যালারি একসাথে আপডেট দেওয়া প্রয়োজন যাতে সবাই একসাথে ব্যবহার করতে পারে এবং একসাথে আপডেট পায় ধন্যবাদ
a6659810fbaca6adc15d53694bb53f5e68e36519dd6ec9c6975c44c429e2f0c5,google_play,2,negative,negative,neutral,negative,"you will hear that this is the best banking app out there in BD, but I doubt it, as it is very slow and you will have hard time searching what you need. Also a major privacy concern is that, when you transfer fund, your available balance is by default visible under the ""pay from"" field in the form. User should have an option to whether to show or not to show their balance while fund transferring."
2dbfea3e356d1ab76ad571b5bd75b799d251758a9f1d6bd170d2c1e2bdf12c91,google_play,4,positive,positive,positive,neutral,Great app. Why cann't download Remittances Cert from app? It's very important to submit Tax Returns... Hope will take early action to download Remittance cert from Astha app...
e93a001ccc0b96b74f20ea6c850476ac12eb93722ee30994380e66a1cf60a57e,google_play,5,positive,positive,neutral,positive,this is very nice apo
18c400d821177ac18205f3beb11602ddf86f839f4b02be779e823c68182116d9,google_play,1,negative,negative,neutral,neutral,Loading time should be reduced.
f4e8937cbb81cb1a0bb78c9a68780bfbe3687ddc291fbb961f422527b2e17c7a,google_play,3,neutral,neutral,neutral,positive,Sonali bank e-wallet apps ui is more convenient!
6e55f9e3ce5c21f77d81b5b543e140dfb56a1b0b4846cecce70937e373be8d79,google_play,5,positive,positive,neutral,positive,very nice
14110ab96303838833ac5ee4e92ae115a7480fde34931ca1c0212b226dc7af79,google_play,5,positive,positive,neutral,positive,Very effective
e084f453f0c9a28cdf8b57ff3351670120f3ea0bbb8702013ec153fb4301f0d4,google_play,3,neutral,neutral,neutral,negative,What is usb debugging? After the update I cannot open the app.
50afa1ebd72333f766f15cf2498587e8384d0a935c6c4563c1e1732e8d30e14d,google_play,1,negative,negative,neutral,neutral,Change app name. Give it a fresh shot
b09d52eb4d68d20bbd18f0ff6e2b29733d541bdf19987739d737490e0d3e7875,google_play,1,negative,negative,neutral,negative,Now you guys can't handle a password manager. Am I supposed to memorize 14 random characters? What is this nonsense. Where's my 0 star option?
c61c399faa36d365078817a4dd84cb985fd7184b20cadf07a469047ac8a7ef44,google_play,1,negative,negative,neutral,negative,"I have been using the BRAC Bank Astha app for the past six months and rely on it for daily online transactions. The biggest issue is the extremely slow loading time. Almost every screen and every switch between options takes too long, making the app frustrating to use. Please fix the loading issue as the highest priority. A Card On/Off feature would also be a great addition. Lastly, the UI/UX needs to be more modern, intuitive, and user-friendly, reflecting the standards of a leading bank."
01b58bde9f7b5f384ec0fe1cb60ac62721ac5bcac447eda05b8eb72c5cc0ec65,google_play,1,negative,negative,neutral,negative,As a developer I have to keep USB Debugging on all the time. Why are you forcing us to disable it?
c77a26ff56e161562093515fc1e4f4e1ac3bd09ade753e498256f42c557d69d7,google_play,5,positive,positive,neutral,positive,nice app
b7a5425c8d020a0f6d7a21b1989521bd8b3408afb63e0be2963b91c3ba8a5a8c,google_play,5,positive,positive,neutral,negative,very poor
bde0ea71ea3dd05c4475cf596a394dd6b01748432983c0daffb6b204b872ac63,google_play,1,negative,negative,neutral,negative,"It's really annoying app, wasting time, lost of valuable energy"
3674ed526306630e2df0960b89d10e558b675d037caab606ccea6c5bab17391b,google_play,3,neutral,neutral,negative,negative,"very slow, please update & improve the quality , give us the option to change the otp number from the app. thank you."
3bf6a2818d4cb877dd17f2349b4a0a7509fc4a8e50fe2d6bcb58b40a20d6763c,google_play,1,negative,negative,neutral,negative,The last update has a bug please fix this issue my phone is a Xiaomi note 10 lite
032725a5e0374e0bccfa064ab3c55c3fa407df86cf34a2a1c0e9510a8d1612b6,google_play,2,negative,negative,positive,negative,I love to give 4 star but the recent update is a total nonsense. It asks to disable an app that I'm using for years for the sake of security. City bank did the same thing few months back then they put a choice. Please update the app and remove this unnecessary protocol.
93578bde78fa2d985bc0f9add3750724a6ea0341425443733bd78d1790e44fca,google_play,5,positive,positive,neutral,positive,so nice app
8a4c3cf97ef51ac8c12a49b3682ec782c6e1595db1f14dd30c8c293ad345145f,google_play,2,negative,negative,neutral,positive,"BDT to USD, koro nahole tmr make xude debo 🤬"
58c538c31bd2380c928241b47b56628c31c98293bc477f2f5514c41ce5ad12e6,google_play,1,negative,negative,neutral,negative,"I am unable to use the BRAC Bank Aastha app because it incorrectly detects an untrusted accessibility service. The app reports com.camel.corp.universalcopy as enabled, but this app is not installed on my device and does not appear in Accessibility settings or the installed apps list. As a result, I cannot access my banking services. This appears to be a false detection or compatibility issue. Please investigate this security check and provide a solution, as it is preventing legitimate users from"
ae7b36ac6ff53a24a0872826ebc058763228546a163d73c3c01b803291afced6,google_play,1,negative,negative,neutral,negative,Not open my App
13403c277e44a4ae643a4f5daacc793bfb2df72b19d9c79392c2440933459dab,google_play,1,negative,negative,neutral,negative,"Password box is not encrypted, as while typing password - test suggestions appear now which was not like this before. It should be secured input field while typing password. A worse update which should be fixed."
4924cc23cf19a4e1a26c54b66858b0ba9fd65e01d8eb907bd299034b75a59951,google_play,5,positive,positive,neutral,neutral,Number 1 App in Bangladesh
f320fe82fa6d6bb1cfdda5736b035aa089daeea43edf12f1bfefbaece896f8b4,google_play,5,positive,positive,neutral,neutral,appreciation active on registration active
47d1786a36e59f798640b70f95e8fe8a64f9bfa11633c1184d8fc7a342e59407,google_play,3,neutral,neutral,neutral,negative,there are issues with log in every time I have changed my password. Customer care getting worse about Astha day by day.
1e6f2575c6828cf9e690236606d87f0654edffcb239a811ca3ab96590111aea8,google_play,2,negative,negative,neutral,negative,দিন দিন স্লো হয়ে যাচ্ছে
1c3deeec56d2849916844aed22a188079ef9a7bb785c2138f0a10f28a681965e,google_play,1,negative,negative,neutral,positive,"After the recent update, the app no longer opens on my Android device and displays an ""Untrusted Service Detected"" message. I have verified that there are no suspicious or unauthorized applications installed on my phone. The app was working perfectly before this update. Such critical changes should be thoroughly tested across different devices and environments before being released to customers. I would appreciate it if your team could investigate this issue and provide a resolution ASAP."
a122384a45a1535dab713d8c8ad3a6052511b90c7c0cf023d0227c0c46755924,google_play,1,negative,negative,neutral,negative,"This was a great App. But in the name of security this app have introduced several new restrictions that has made the app extremely slow and frustrating to operate. One of them is having a password manager on in accessibility. I have to turn off my password manager from accessibility settings. I have never seen such nonsense restrictions from any other banking app. This is a banking app, make the app do what it's supposed to. Nothing more,whay?"
dde70b46a67d2f8a7668c2e14fdd2dedc89fb5bf8f21761dc8961e20f7a700bd,google_play,5,positive,positive,neutral,positive,❤️❤️❤️❤️❤️❤️
bbf7fa95631b408f7fadff310d40a68f7c700c78c10e0c0b4c461b9fb82cc438,google_play,1,negative,negative,neutral,negative,"Another ridiculous decision from brac developers who blocks Bitwarden, the most popular open source password manager (5M+ downloads and 4.7 rating) because of having accessibility access. Myself. being a security researcher, asking to sack whole security department who don't have any knowledge about security (lamely blocked email otp but allowsled SMS one before)! The app is unusable now!"
275a5ed24929192958eefc5d34de84fba6528697d346f1a9d14895319e4a9768,google_play,1,negative,negative,neutral,negative,"other apps jonno ei app run kore na, faltu app"
8704b632ab5e3f611c5efb0d9b5a8679d16bff4ccaa82db6cf07aba106c5d258,google_play,3,neutral,neutral,neutral,positive,"I would also like to suggest adding some useful self-service features, such as: Add Money from cards or other bank accounts. The ability to change the registered email address directly from the app. The ability to update the registered mobile number through secure verification. Better account management options, including the ability to hide or remove closed accounts from the dashboard. More customization options and a modern dashboard."
dba4f1ca490b013958433e15a1b8cb84cb9bebfa3cba460cc5cf1aefbe926feb,google_play,5,positive,positive,positive,neutral,opan requist fast
a793bcfe9dd37e961c098f0b42bdd02fd9382b6255d362c5e5e91297f7307932,google_play,3,neutral,neutral,neutral,negative,I am having trouble logging into the app from outside the country.
88c4f771c89aebc7a89e73b9a31e40a3258a51069a65bf25fd6dca5f449ba870,google_play,5,positive,positive,neutral,positive,Super
ce638079e6a09f81b8486373282ee76acf5a2a2e274d81889180592f6c5e5ba1,google_play,5,positive,positive,neutral,positive,number one👌
a45ac4a45e2f7d035360261d5a2131f4d9df889997098717683ca26fcb1064b0,google_play,2,negative,negative,neutral,negative,"দুপুর ৩ টা থেকে চেষ্টা করতেছি,এখন হল সন্ধ্যা ৬ টা। খুব জরুরী টাকা পাঠাতে হবে তাও হসপিটালে চিকিৎসার জন্য।আশে পাশে কোন ব্রান্সও নাই।মোবাইলে ডাটা দিয়ে সবধরণের এ্যাপস ব্যবহার করা গেলেও এই এ্যাপসে কোন ভাবে প্রবেশ করা যাচ্ছে না।এইরকম বহুবার হয়েছে।এইরকম হলে ব্রাকের আস্তার উপর মানুষের আস্তা থাকবে না।"
aa3788d9ab82978cc4fd7c0211105b7aaf40bec9f1c0f0ecb422618b93c04f97,google_play,1,negative,negative,neutral,negative,"This was a great App. But in the name of security this app have introduced several new restrictions that has made the app extremely slow and frustrating to operate. One of them is having a password manager on in accessibility. I have to turn off my password manager from accessibility settings. I have never seen such nonsense restrictions from any other banking app. This is a banking app, make the app do what it's supposed to. Nothing more."
8f83debbb31210c5abb74169e4ba70f89e251bad9e8735647e0d292da05ac22d,google_play,3,neutral,neutral,neutral,negative,Good but UI and apps opening very slow.. And it's not updating desing UI desing is very poor
22b4ea6f586fb5653bba0d4cb03c88793c718bf41c4f054ff95298428c28c2e3,google_play,3,neutral,neutral,neutral,negative,Super Slow App. Need to make faster.
8b46eb88049fe02e45bbb82e21e9f5e7414a5b975e574b1c48f724602ba5a5a2,google_play,1,negative,negative,neutral,neutral,"সিকিউরিটির নামে বাল ফালানো বাদ দিয়া এক্সপেরিয়ান্সের দিক নজর দে। রিমোট সফটওয়ার ইনষ্টল থাকলে অন হবেনা, ইউএসবি ডিবাগ অন থাকলে লগিন হবেনা, অথচ বালের SMS থেকে OTP Autofill ঠিকমত কাজ করেনা। চুদিরভাইয়ের বালফালা ডেভলোপার। সিকিউরিটির বাল বোঝে।"
1d37188682a8bf86ffb5e538e647d2b417b078810616a09f3b3c9a6eed240745,google_play,1,negative,negative,neutral,negative,Unable to use Astha if any other apps have accessibility access enabled
0fb46cb8a8977d85c09c2eb3359f98b576a437cb8c2c488e6f8cd3bed835def1,google_play,3,neutral,neutral,neutral,negative,"Your apps service is fine but it takes a long time to load, it is very annoying. Please fix this and keep an eye on your customers."
a482788359a09456adde7c6b6053177646da9cfe1ebb4ae9e62864b40c509878,google_play,4,positive,positive,neutral,positive,User friendly app
4426921e1ad0e9d3fa6c09f6a907bf365a1a72a630ca9081781b3cad9a53b5d1,google_play,5,positive,positive,neutral,negative,"in last update, in my android phone have Windows RDP app installed and not able to open Astha app. It's a annoying situation. please solve it ASAP."
38a7e6fcd791e6dae824debb7e7a14a57e1febb8307c773d26e21f913860fd97,google_play,2,negative,negative,neutral,negative,App just keep loading on every action. I think it is still using web wrapper instead of a full fledged app
7262144c6ce799212ef1eec4f7d925f1a6ab9b1689e38c6b8eadedb0488b8cfb,google_play,5,positive,positive,positive,negative,"apps is good, but not working my phone."
147bee9959340aa365c51f26ce2dc09a019ba31ea892a5c95fa4ba829517cc43,google_play,3,neutral,neutral,neutral,negative,"terrible update, was working yesterday now it says 8 have remote app installed and can't access due to security reasons. I have none."
ec710c38717f35faeebbbc2299bf0fa3ef1ee64d5497f4c3dffa31424bd14356,google_play,1,negative,negative,negative,neutral,"ফাইজলামির একটা সীমা থাকে, হুদাই বলতেছে কিসের রিমোট অ্যাপ্লিকেশন ইনস্টল করেছি। তাই অ্যাপ ব্যবহার করা যাবে না। কোন অ্যাপ এর জন্য সমস্যা সেইটাও বলে না। এদিকে অ্যাপ ইউজ করতে পারছি না।"
dc4522b776dfd1d856dad54a639ab739d2f182faf6a579361950d5ba4194c683,google_play,1,negative,negative,neutral,negative,"Disastrous update Ever since the latest update, the app blocks me from logging in due to a ""Security Risk"" regarding com.oneplus.screenshot. This is a built-in phone feature, not a third-party app! Tried every setting to fix it but nothing works. Please fix this compatibility issue ASAP, I can’t use my banking services anymore."
048e6807cc47dfec3752a594aee81c74e6749297ccd88a9a8a4e6c635a1082a6,google_play,1,negative,negative,neutral,negative,"Unbelievably, while ignoring client issues, more absurd restrictions applied, now it's blocked on my “secured"" device because of the Motorola app is the culprit, and additionally, KDE Connect, a open source app for connecting mobile is also a suspect. oh, and I had USB debugging on, because the phone's display is broken, and I have to use USB connection to control the screen sometimes what would be next? app will not run because there are apps installed."
21ae1c722e21519e3d1e57889c8f0690010865de19f0a219a1f363d7aca5dfba,google_play,4,positive,positive,positive,negative,over all good but otp getting is late which concern should be faster
6bdbcc558924defd4f40050e2f523b06f30a7f5438d646f1b8ed9e0433a8e858,google_play,1,negative,negative,neutral,negative,"I'm using a Samsung device, and this app is asking me to turn off Samsung Accessibility. How can I disable it? Also, the Astha app isn't working on my device."
46733c1c4e4c43e7246cbfbbbe5dd0f4229602bef4ffe083c5b72120a3a0fd3d,google_play,1,negative,negative,neutral,neutral,"""Accessibility permissions detected in অমুক তমুক app""- তাতে তোর বাপের কী?"
9e4d516b675c24ba9523de30fadb89245adf5b9098ac92bb2b4414b6a7a08e34,google_play,1,negative,negative,neutral,negative,"Saying remote app installed, i do not have any remote apps, they dont show for which app they are blocking access"
789b91ddeb9db88f4be22326c9744233258adb5d2a296c123f886d5a0e4f9059,google_play,1,negative,negative,neutral,negative,wrost app
7d62f506bb67e8e46a6caee9492653e7e89fa5be14438b68e9870583b797147e,google_play,1,negative,negative,neutral,neutral,baje app Network loading
b6bd9e8bab3383656259a52214ab1f17873271a7375bd44e1e6c44b18b6f551e,google_play,5,positive,positive,neutral,positive,"use regularly very good, a bit slow but ok."
4f7264e0c42a47fe88520e90ae5ef3d2966c4b54892c7718883039b8fd43a9bd,google_play,5,positive,positive,neutral,neutral,it’s premium
168022587845ebb45df5c6eae6119f4fb245704d84b4d8065eb78585a8891ef0,google_play,5,positive,positive,neutral,negative,sob kichui thik ache kintu koy din dhore eto loading nicche kenO?
88179ff1efb8929b09553ce00e0402b2df79ca6cad9c2bc08076444af9ac063f,google_play,1,negative,negative,neutral,neutral,why change the transfer menu ?only instant transfer ট্রান্সফার করার সময় 10 টাকা নিবা? প্রতিবার ট্রানস্ফার করার সময় কি 10 টাকা দিতে হবে?
1bd72c0fd1114e37d88110535dbbe7e536e57a1fb7ca778c9c19682b1ac1b0ea,google_play,1,negative,negative,neutral,negative,I cannot use this app in Romania. So I can't access my account from Romania
162f71d58e91b2515ba018caaa4bc180c18ea1907dad5400e58ff8c08434550b,google_play,5,positive,positive,neutral,negative,Access Fail in romania
89708d3995081820cf0f9728e36e83ddf17dd31f4fe22bebd2a14931b4d62a30,google_play,2,negative,negative,neutral,neutral,simple application
75a88772d3a1f32aed4c839dddb77c99bb2526b728a57c4b1167652e3bf90a53,google_play,5,positive,positive,neutral,negative,অসাধারণ
b63ff2ba11b5f6215941225197ac650a177615c7c9b63ee5e1e50dc4e3896789,google_play,3,neutral,neutral,negative,negative,"This app is a joke. Every action takes 10-15 seconds to load, and it still nags me with a fake OS warning even though I’m on Android 10. Reported on mail weeks ago, zero solution. Feels like the app runs on dial-up internet. Worst banking app experience. Update: fake warning removed. but still slow asf. 1☆ to 3☆"
1bf910500e094ea3b3dd67c89ba190355aff143a06f39c61a0c0089fd4054c11,google_play,5,positive,positive,neutral,neutral,Please add finger print
62fdc0bffe9f4afdead889270f40e3dad4c8e62df159c3d6085cb9714c4306ec,google_play,5,positive,positive,neutral,positive,"One can fulfill all of his banking needs through Astha app. This app is so dynamic. Again, this is the safest app & very easy to use."
5c2d6cd4c1bce50a8adcf12f45f10650939ab6d3032e3bb384f601a86d38ed22,google_play,5,positive,positive,neutral,positive,nice app
19f2bf75355453bf45ee24087c3fdffbfb4fd8a769308a3bcc4b5de2a1eb19a8,google_play,5,positive,positive,neutral,neutral,setup and feedback and recovery needed my Android Devices?
558383c0e8e16b0812351c9ec760fcda32898d5bd73bf05b48b7b67c71008e4d,google_play,5,positive,positive,neutral,positive,Nice sa vice
d6e34251eb6aa74d76d8e4ab24893d51f5c1bc7f7658b3712398f387ffdc9d9a,google_play,1,negative,negative,neutral,negative,প্রত্যেক টাচে লোডিং খুবই বিরক্তিকর। যে কোন কিছু লোড নিতে খুব বেশি সময় নেয়।
928313bddeb8e75ebdb716856fe5f2d637a96d515ee3e94fa90aaaa08a24e00d,google_play,1,negative,negative,neutral,negative,it’s about 1 month iam trying to contact customers care but they not receive my phone call and i send 100 mail but they just say contact customers care
e421e560f2a234c5376a662e1c53958da4760619f086bd7dcfeb8daec3159a39,google_play,5,positive,positive,neutral,positive,nice app
461b32786449d6df61c6e1f298dbcf794509742b6872c01b11b13a59724e7ae9,google_play,5,positive,positive,neutral,positive,BRAC Bank's app is very easy to use and I have changed my life This is my first time using the software. I hope BRAC Bank will bring better features.
8367033c74342efb4f0ba8133e14836c6db7ae9dc0af8c59748b17130602665a,google_play,5,positive,positive,neutral,positive,I am so happy with this application and this bank as well ❤️‍🩹
9f811d0865fb232fc3c24a637820582940bdfa68e723592bb15c3561ad751305,google_play,1,negative,negative,negative,neutral,বালের এপ্স এইটা লোডিং নিতে নিতে ইরোর দেখায় এত বাজে সার্ভিস কি বলবো
d2c4deb3c22992fb151981ea6c5f17fdfb3d1bad198d141bc4a87f560e1743b7,google_play,4,positive,positive,neutral,positive,very useful
6db2c7edd2f82c264d91f9a3bd4506dad4e53847b13de3a72662150b656d916f,google_play,5,positive,positive,positive,neutral,helpful for Banking
78bd870a9ca99912a5dc0b8aa2579f5ab5a0e80aa5266938a20919c0c9b8c1b4,google_play,5,positive,positive,neutral,negative,app access restricted
44f5655f43b5d458ab9177bc81067015ab7e483dc4bfac9045aeab1e5f6105bc,google_play,5,positive,positive,neutral,positive,ধন্যাবাদ আস্হা এ্যাপের সকলকে আমার খুব ভাল লেগেছে আস্হার প্রগামগুলো চাকরি জীবনভর থাকতে চাই আস্হা এ্যাপে
bf1d791953aca7c32d3bcdd13657cb3ddc142589fb89de451490fae3e84e4f41,google_play,5,positive,positive,neutral,positive,nice facilities using the asth aps
d48c96a200ae63684927a688a03ad9f556217b1fba0f4fe323b51e7147a4cef3,google_play,5,positive,positive,neutral,positive,Anek valo
a1bfc07502edeecf0e81fd993f37f14aa7101d2a0016b68337ee471b9b6b19ed,google_play,1,negative,negative,neutral,negative,please apps loading poblem solve 🙏
c6966f55037b5058d7c5725ced6338a63120cbce19db46cffd892834a1157a05,google_play,5,positive,positive,neutral,positive,"awesome experience of banking, but shoud be more atm & crm booth for brack."
466cd5d14cfd092104ced15a5fe09b57386ca41f0573dc8f70dd11b16fe68139,google_play,1,negative,negative,neutral,negative,Apss Interface is Too Much Slow.. need it faster.. 🫡🫡🫡. I hope Brac Bank Will action about apps slow response..
fab75b09eba294f413e2acdc9add219671eaa6af29b4fcb53e7e4cfeaa9ba903,google_play,5,positive,positive,neutral,positive,I'm fully satisfied from their customer care help
33fe7cd1db551842c677a1924fcbf5cc08d400a71a7a30d520ae3431a43bbbb7,google_play,5,positive,positive,neutral,negative,not working
3535fa62cf60c61d6ac6156fdf83ffc3b5a8bfa06e21ba3171228c6be46577e3,google_play,3,neutral,neutral,positive,positive,"Yes, this app is slower than other banking apps. Its a good thing that it requires username and password for safety, this is best. But after putting the information, the login page should work faster. Also other options in the application. As the best private bank, we wish you to hire better developers to make this more user friendly. 🙂"
77f9a8766dce98d3caee31d134c9cf3155ce23ad68756c01699716093d259380,google_play,1,negative,negative,neutral,negative,low budget app
49907d14f09cd07881eee60a2a021a365d7af5c9e60bc1b152e7ba54882555af,google_play,1,negative,negative,neutral,neutral,"ব্রাক সা*উ*য়া*র এ্যাপ বানাইছে, ""This device is rooted. You can't use this app"" যেখানে আমি কখনো ফোন রুট করিনাই এমন কি রুট চেকার দিয়ে চেক করেও দেখেছি যে আমার ফোন রুট করা না। তাও মা*ঙ্গে*র এ্যাপে একি এরোর দেখায়। ব্রাক আর যে এই বা*ল বানাইছে দুইডার মা*য়*রে রুট করি।"
c8b34590a4fd1611c8418a3c626a63703519ec74cfb20d125a620732c34ad555,google_play,5,positive,positive,neutral,positive,More convenient more easy to use
60039fb3e9bc59dd6a52a01268e3cb43626f2cb18637950a31b985bfaf4e1591,google_play,5,positive,positive,neutral,positive,Nice.....
e6cca36f04ba48275f442db14aa53e27fad0fe0215afdb4961e78c479c2b9703,google_play,1,negative,negative,neutral,neutral,"এপ্স দিয়ে স্ক্যান না করলে ওয়েব লগ ইন করা যাবে না- এটা কোন সিকিউর প্রসেস নয়। সাথে ফোন না থাকলেই তো মানুষ ওয়েব ব্রাউজার ব্যবহার করবে, সেখানে যদি ফোন এবং এপ্স আবশ্যিক করা হয়- তাহলে ওয়েব ব্রাইজারের সুবিধা কিভাবে পাবে ব্যবহারকারী!! সিকিউরিটি কথা যদি বলেন সেটার জন্য SMS এর মাধ্যমে OTP/Email দেয়া যেতে পারে। তাছাড়া সবার কাছে স্মার্ট ফোন থাকবে এটা আপনি কিভাবে নিশ্চিত হলেন??"
2baf63ae3bb24185fea13bc278d2c6b71fe0f51da517df8724c7dc83320ea377,google_play,4,positive,positive,neutral,positive,overall performance is quite satisfactory.
33fad621f50d608b7eaa6b0c0e95997966120bdb33de833cca17bf74a9787c92,google_play,1,negative,negative,positive,negative,not good
388ba1a3369b3989a3f5cbea42c7feb50d9ddb14f21aa0b1a7608a1ee860f4b4,google_play,3,neutral,neutral,neutral,negative,cannot edit saved contacts in the transfer pages after any account gets added by mistake or if there needs to be edits. nor is it possible to delete with the current interface. fix this
d5bf4bad57bd4ca7d991d02a5de90d00a3602bbc2b5c3a285d2f98896a00f62b,google_play,5,positive,positive,neutral,positive,thank you
6ae7fa5a58ed1fdd4f8fe91f19e36f484aa07f8a1353d428b06abbb311de2ddf,google_play,5,positive,positive,positive,neutral,"ভালো কিন্তু ইউজার নেইম প্রত্যেকবার লগ-ইন করার সময় প্রত্যেকবারই টাইপ করতে হয়, পাসওয়ার্ডের ক্ষেত্রেও তাই। এটা কি শুধু আমার App Astha তেই নাকি সবারই তাই করতে হয়। Auto Save বা গুগল মাই একাউন্টে পাসওয়ার্ড ম্যানেজারে সেইভ হয়ে থাকলে ভালো হতো। ধন্যবাদ।"
6e5a9b0d0ba4e0231bf796672b9db9c1127a19dce96f56022e8c59e0653a690c,google_play,2,negative,negative,neutral,neutral,so so
3f8ea185aafeee870f191fe7fca32cf669c8d95e7c7f43b77b1f8eb7a6d03930,google_play,5,positive,positive,neutral,positive,nice app
db3a2c5301c7b0798987ec95af0fa09eda8a6cf59dc7e99717924daeabeabc18,google_play,5,positive,positive,neutral,positive,Today I installed the first app and completed the login process. I found the Astha application very easy and friendly!
8a45bd8dfeba070a164454e6ef9891d5d9024154874e63d59b6426ee061054c4,google_play,1,negative,negative,neutral,negative,My phone bootlader is open. but not rooted. its showing root warning. i can use other bank apps. so why not this app?
548e3b21612809d99c6ccbdb38626a1310ae11b59085ac26cf999a911341b1c1,google_play,2,negative,negative,neutral,negative,little bit complicated to use..
551b1fd3f6cd3c290423e391a2c07fc219fc923f879a904484b977efc3154399,google_play,1,negative,negative,neutral,neutral,ব্রাক ব্যাংক গরিবদের জন্য না।তারা ঋন খেলাপীদের জন্য। তাদের কে সবাই বয়কট করুন।
f438cafb20aa4a89ad573a542a97a5b7d7c9e460dfb98d8b6822a4395f40c1a6,google_play,5,positive,positive,neutral,positive,very nice
477770f71fbdfd9cbb3aa5cd4fb63df4fda33fcdf9d7e37be416d33b3faf8e62,google_play,5,positive,positive,neutral,positive,nice app
598879245a61268613cc46b82fc540f6afefad0ec92c9369eae47e6bdc96f698,google_play,5,positive,positive,negative,negative,very bad apps
bd94f749c198ea77b3f16010ad8dd42d7b3d91003bea5dba5a559dfe414801c3,google_play,4,positive,positive,positive,neutral,Loading time should be fast
6df676255a6df6ca3cc65675b5430702e0eba777b99db6a8d2380d13d3f4257a,google_play,5,positive,positive,neutral,positive,very useful 👌
ae46b7247fe7e3aef059cebfa35d03037c95a204584520555d6530b0d7ffccf3,google_play,1,negative,negative,neutral,neutral,"প্রবাসী একাউন্ট খুলবো কিভাবে সাইনআপ করতে গেলেই একাউন্ট নাম্বার অথবা ডেবিট কার্ড নাম্বার চায়,আজব ব্যাপার একাউন্টই নাই সেখানে একাউন্ট খোলার জন্য ডেবিট কার্ড নাম্বার কই পাবো।"
c47de3c57e70ad2e731f1232eb29e4a3adb67014a74a7a528153858521761dd0,google_play,5,positive,positive,neutral,positive,Internet Bank update my life
1ed6072d66545dc813b16d42df9c46801d21c17bbb0b15d731488cad0a0b14fd,google_play,3,neutral,neutral,neutral,positive,Nice Work easy to find all
b7857545a81fb49c28d0a5dc1ab1799bd4243f6d12b693d79d27c9fa636c8f66,google_play,1,negative,negative,neutral,neutral,Backdated UI
07e7ee9b4901a1c3c3281aae50fc8178f31d679f0164cec361a5d74954758f1c,google_play,2,negative,negative,neutral,negative,Very much Complicated 😡
ae7b1c32917a424f1946b5fb640943ddecf799fec286548b4d220d3b21819e48,google_play,5,positive,positive,neutral,positive,I'm fully satisfied from their customer care help about probhashi virtual saving account related issues... they solve my problem faster and friendly..
3bf87a38d1c7625ff496438b7afaab57b82f56f45aceb9d5204a1ff80d85ebf8,google_play,1,negative,negative,neutral,negative,Dhoner app. Desher bahire cholei na.. Kochu
0da479e6fc486262fe7b4723f3f74561d9d12025169367a9830cb3a21d2b55df,google_play,5,positive,positive,neutral,positive,very useful app
587bc2daa0312677763d0ffb7f45d1ed2a4095718a2e2fd5d856701318d0120f,google_play,1,negative,negative,neutral,negative,"disaster, i couldn't log in for last 2 days, it's loading and loading my network is absolutely ok"
0e8020a0332616631f35cda471bf613a6cb11bca5409b42804fd18aaf05f84c7,google_play,5,positive,positive,neutral,positive,BRAC Bank apps are very nice.
e3931b33db6e66299370c06c029662ca8e29f1974625ded779c9708e949c8d8e,google_play,5,positive,positive,neutral,neutral,♡ℒฺℴฺνℯฺ♡ কম টাকায় মিনিট ইন্টারনেট কিনতে বিকাশে সেন্ডমানি: 𝟎𝟏𝟒𝟎𝟎𝟑𝟑𝟐𝟎𝟎𝟎
bc19821a5fd1ae86c56a2caef33df63fce09692de8542c871a5c3522cab3c029,google_play,5,positive,positive,neutral,positive,i am very pleased
775f7f13321dab23a193503b1182e0258b6b8841184edd6c89511c6ded76e095,google_play,5,positive,positive,neutral,positive,most welcome
0ddb1f4bd86c214ef3757490bba6da1d4d79d1d56fd0230152817b35715a138c,google_play,5,positive,positive,neutral,neutral,satisfactory
bb2b8d9e2e16cac06123ff87add7f9ddeed4f24aa9a61cafd7920effe369bea2,google_play,2,negative,negative,neutral,negative,"The app’s lack of Debit Card visibility is a significant drawback. Users cannot view linked card details or manage payment methods directly, which makes tracking transactions or updating expired info nearly impossible. ​Additionally, the inability to change your Email Address through the app settings is a major hurdle for account security. These missing features make the platform feel outdated and difficult to navigate for daily use."
4d985eb1e6f9564694f91359bb5b7ddccf10982024d9f29a21925a1f9af4eead,google_play,4,positive,positive,neutral,neutral,Brac bank should add mobile number update settings.
1eadc56e9078fd55da15161dd926f4986287093e0dc335417a9f6df030106532,google_play,1,negative,negative,neutral,negative,"The more updates it gets, the worse it becomes"
40eb8d20b33836c0a5148c2bbb50245772b5a08cc6d2396cd727b9a86f3b9e5f,google_play,1,negative,negative,neutral,positive,nice app
de8b91cfcd801fccdba2f237240eff033d255590a527dd837bd675439783e18f,google_play,3,neutral,neutral,negative,negative,slow app
67575ae1d086ad6717b3abbf2e26ea9a67fdddf60cf058d4b281188f55736011,google_play,5,positive,positive,neutral,positive,100%❤️❤️❤️
f2634289a9e68a9205fc6050bd343d30c550ddb9de5ba2e677d8ceacc0cf4d1d,google_play,4,positive,positive,neutral,positive,very nice apps
3456205d7938b23ea99c4ea785f9882f1e2052db0f6682e59511767f060597a4,google_play,5,positive,positive,neutral,neutral,easy n secure
6207aefced91b9672a6921ce1923c35aae80b4599b7b719daac321101ac39eeb,google_play,3,neutral,neutral,negative,negative,BRAC Bank Astha is very slow.
70458322808145085b3937a25dd46236d24accda1290532524c1789ed5f6f040,google_play,1,negative,negative,positive,negative,"Astha app is great, but my 'Astha' (trust) is shaking! How can a top bank like BRAC have NO CRM in a massive commercial hub like Sonargaon/Mogarapara? It’s 2026, and I’m forced to keep cash at home during this 7-day Eid holiday because there's no way to deposit it. Do I need to hire a personal guard or travel 15km to Narayanganj just to deposit cash? Please stop calling it a 'digital' bank until you put a CRM at Sonargaon Branch. We need 24/7 deposit services NOW! 😡"
cb1b1579c8978ebe6ad852283b10a86375e62379849df66e4bc7e58ca7dd0173,google_play,5,positive,positive,neutral,positive,Awesome
06ea0a6b282a9ee16d533552a2a254515b659dc02765e17425a28c636092ecda,google_play,5,positive,positive,neutral,positive,very nice apps
7885ddb8f959dd7b35730088b318e1155445a942e588e77a17feff9ae2a12c00,google_play,5,positive,positive,positive,negative,ভালোলাগা অবিরাম
76e792801bd12a5ce0f6365838281656d64913bff9f1ce09be1bf38a46719ff1,google_play,2,negative,negative,neutral,negative,couldn't set transaction limit for contactless payment without pin.
00ba1333561ba1b47116a9453d6fdd73b1fd0473e145606e3017b73f132e915e,google_play,1,negative,negative,neutral,neutral,এই ব্যাংক কিছু দিন পর পর account dormant করে দেয় debit freez করে দেয়। account close করে দিয়েছি।
52828f63f7f53b48035bbc676dbe5aacd1f8884f00776001da277614c7f470ce,google_play,2,negative,negative,neutral,negative,This app is stuck in the 90s. I wonder if they even have a QA team.
935717c3e382c033f62cfb9c0d339cb4a711b45bec7f60358ffb5225d1a40862,google_play,3,neutral,neutral,neutral,negative,"why can't use 5G mobile network from overseas, please fix it, thanks"
f0628f10c5b15f50d91fbf39772f10cfc518e30799cc9a4cd0ae7dc6d102aeb0,google_play,5,positive,positive,neutral,neutral,গ্রেট
d15646706797c095994bfdf6c78a73593786cba226315ee814b1abde85c3a371,google_play,1,negative,negative,neutral,negative,I can't login this app
bc6c5e3f4def72b7f7b9df02e554f42332691581838d9c7049e062cea7268d34,google_play,3,neutral,neutral,negative,neutral,slow-2026
33621a1b500caab97adb79efdcd0e8bd865c0d719b90d706ee53e9935ba3f7d9,google_play,5,positive,positive,neutral,positive,Very Very Important app
c6a82d544939e5365ee98290cbbc403057b37726ec898151091a4a2f2c139628,google_play,5,positive,positive,neutral,neutral,"one words ""head of all bank's "" in Bangladesh."
a08784aa4d9e136a3e26e85a3ea2da149ac4f514a5a7c4b8ac5ef839a5d70014,google_play,5,positive,positive,neutral,positive,আমার ব্যবহার করা সেরা এপস গুলোর মধ্যে আস্থা অ্যাপস একটি
2a23928919750f944ac8d3cb757fae888859b87c2f7cc02ac1d8c313f500b914,google_play,3,neutral,neutral,negative,negative,Too slow
1442dd7b94bf44dc81b21c4c0dbe5f01d427df71d4cd7621ce1da8fc84c67da1,google_play,5,positive,positive,neutral,positive,"অসাধারণ একটা ব্যাংক,, অসাধারণ তার গঠন প্রণালী।। অসাধারণ ব্যাংকিং সিস্টেম,, অসাধারণ সার্ভিস।। ❤️❤️❤️❤️❤️"
1419b08b54b6497a30f80df40a5d2a230e71a878fc864cac7ac451d2637ad06a,google_play,5,positive,positive,neutral,positive,nice 👍
00528ca738f26fe77b805a6f8d9563a7644e8516a3a78f0c8b1d83396f33a647,google_play,1,negative,negative,positive,neutral,"আপনাদের এপ অনেক বেশি স্লো,আপনারা অন্য mfs তারপর আরো কিছু ব্যাংক আছে যেমন:পূবালী,কৃষি,সিটি ব্যাংক এই তিনটা ব্যাংকের এপ চালানোর অভিজ্ঞতা রয়েছে।তাদের তুলনায় আপনাদের এপ ২/১০ আপনাদের এপ থেকে অপ্রয়োজনীয় বিষয় বাদ দেন।এপ এর ইউ আই ও এপ ব্যবহার করার অভিজ্ঞতা কে আরো স্মুথ কিভাবে করা যায় তা নিয়া চিন্তাভাবনা করেন।আপনাদের সেবা নিয়ে ভালোই সন্তুষ্ট।এপ এর ইউআই ও ইউএক্স নিয়ে কাজ করেন,এগুলা ভালো হলে রিটিং বাড়বে।"
410ea23faf0185c9d5460bfad1ba2ebcb31b41f645023138acc76c330d50a242,google_play,1,negative,negative,neutral,negative,"The Brac Bank app is one of the best. But this 1 star is due to the bad moment i had to face. I needed to access the money emergency, and the app told me to update at once giving no options to operate. I really needed the money at that time and did not have enough space left. I couldn't use my money in need. Like bKash and other apps you can give a notice of the update that you need to update the app to continue using. But please don't put us in stress and in a bad position during urgent times."
0a3c8f544148dcb5b0a1c863806d2e7b16908e364547d803d1489cdb13b639de,google_play,5,positive,positive,neutral,positive,nice apps
3594d0e6c9f535fae0f0fffbf16b000b4d4d525a62e4cda2ff542a142661c46c,google_play,5,positive,positive,neutral,positive,Nice app
69af24b56454e9f73b14625e5c79b7dfbef3ce0f9b7d75fc3728af0d7355017b,google_play,5,positive,positive,neutral,positive,It's amazing to use it.
dacc62137ad2b6ff4926b0584961fd8023e21d8fe0e7ef1ac2c95cb174821313,google_play,5,positive,positive,neutral,negative,"New experience is that, when I got salary from your others brack account & cannot make balance."
ef27a925630d093b4b7c99ec2dd31343c67d00c112c533926d31d568cd5add9b,google_play,5,positive,positive,neutral,positive,Amazing
fea10a51b9bcc499455d03f09b2a7812f0d53e3fe539e33de9c03103521bb367,google_play,4,positive,positive,neutral,positive,Very nice user friendly app.
b96770a87e14635e96f1d2b9747656b5561f6f18887b906e9ba810e0a57e3cd7,google_play,5,positive,positive,neutral,positive,Asthsa will be our astha insha Allah
7c3dd31d6d081fabe087dc0339b226618c990d8efc5f12aa5e758ffcdba97603,google_play,5,positive,positive,positive,negative,The App is good but the think is..when you login Application is very slow working would be better if faster working.
0898a1ee61c5daf9436eef620c2e225ba592a633acf1306d95036fa17e014ffa,google_play,5,positive,positive,neutral,positive,Very nice app
5f2752a8422d0fe7b4ba7a934f61f7ef84325b5a315e73b767034609f8aa5807,google_play,5,positive,positive,neutral,positive,"I don’t know how others feel, but I really like Astha Bank. It is very good in every aspect. I have been using it for 2 years and my experience has been very good. Alhamdulillah, I have not faced any kind of problem so far.❤️🥰"
97149f7f663cdd9c7db00a3b192778e9b55d44311b903061173c8588c3c68300,google_play,5,positive,positive,neutral,positive,Awesome
9c1df8b964b48bb32801716360798cfc57b1e7858b549a568a00008b379fcd05,google_play,5,positive,positive,neutral,neutral,Nc app
627460c072bc894af518fb746d3c06daa7500e1593ae4dab67258f0ae211e163,google_play,5,positive,positive,neutral,neutral,Help full
e247f48a920ae8f045b2a0810b95b411437f6fc167c0ddd372daae120e20e755,google_play,5,positive,positive,neutral,positive,thank you for everyone
25b906885ac2f873f4fb43382ed658760dacfc0bb19800379d7190f919047e5f,google_play,5,positive,positive,neutral,positive,awesome service
f811dbbc404301ccdc828f532d127d43d9639344dbc4e3ce8ca3fbf9ffe1257b,google_play,5,positive,positive,positive,negative,"The best of all banking apps is the Aastha app, but the app takes a long time to open and takes a long time to load."
cfc4a04ea78ee17f49485415a07ac3b4fe57e544f26a783655160c6dd302ee75,google_play,5,positive,positive,neutral,positive,easy to use
d8b62bb39d9eb45e4240782113fde35337963144f2444422d2710bdb1c67a08d,google_play,1,negative,negative,positive,negative,The behavior of BRAC Bank employees is not good. This bank runs on name only.
c05de49862b140850c43f48d233a9e0012db041c8a758420fe7d46ce1688610d,google_play,3,neutral,neutral,positive,positive,GOOD apps.
c03627be23cce70bae29cae8d8606de60d3547e149428204f21f5334c1052121,google_play,1,negative,negative,positive,negative,not good
37f82c6e17cda7baf01c8ded3507cd011730dd3cba1e74077a8131b58906a3b3,google_play,1,negative,negative,neutral,neutral,আস্থা এপের মত স্লো কোন এপ আছে কিনা আমার জানা নেই। এভাবেই বছরের পর বছর চলছে। এদের ডেভেলপারও মনে হয় আস্থা এপের মতই স্লো। নাহলে এটা ঠিক হতো।
df2bd9623d7488eb3d3b803b8ea98d40fc7855d269d4f4266d180646a8e3b780,google_play,2,negative,negative,neutral,negative,Too much loading.
29de7288f14388d5c295bd77f856b511e32f39dd9b23f7677d27f6b24fa11d11,google_play,1,negative,negative,positive,positive,helpful
b97a7999bb373bd16b5a5536a8043e723f4e7b99f75e9c31240c0fd5352f97fd,google_play,1,negative,negative,neutral,negative,I am really disappointed.. Plz update your app..
51db33ce28b0641a585a7245f777407fb6a59c0d954bac9a0fbe3ce6c227fbf9,google_play,4,positive,positive,neutral,positive,nice and easy think so
9ccf56385026b92bec24cc834cc83ae4b00d6e2b6d8d58ffe5dee305d3dcf371,google_play,1,negative,negative,neutral,negative,"Too much slow and heavy weight. And also too much ads, banner etc. Just rubbish. ""Astha"" app should be too fast, light weight and totally functionality based without any ads/banner."
f9f06dc20bcc279e02a6f1a5ffc3dbb7717bd68d870eba2b2c88bb61f3410348,google_play,1,negative,negative,neutral,neutral,"Every time i click a new button, I face a 5 seconds of loading time."
ee08b633d6f28f62bc939353ce66764e33ddaa345f0d88ca21e731b28e28f87e,google_play,5,positive,positive,neutral,positive,Very easy to work.
f4fecc248be5afe961647515c03ce045e355b013b9768f2099a8973e05897de7,google_play,5,positive,positive,neutral,positive,nice apps
5c44b9c10712af1fe2df05e91921ac5f40c0dc1d71c98dff34a2d9c656bc8a21,google_play,5,positive,positive,neutral,positive,very well
664d28049e14da017cfd610c611b167918db57d83401432a893b65015ae915c6,google_play,5,positive,positive,neutral,positive,awesome app
7bf86c5cbee271841bd01793faeb637a07ee3af7bacf70d648952493d4b7243d,google_play,1,negative,negative,neutral,negative,"very very slow..take more time to Login and after Login very slow to any option. i use dutch bangla, Pubali, islami. they are very fast. but Brac is very very slow"
f8b57bf4c484a6c10d92a987aa8b2913d78cff590d51eef709c94072c0abdfb9,google_play,1,negative,negative,neutral,positive,better
eb69ef267d7751babd0a8e0ee1d824d5a000d14b077020c617bef8a34427e77a,google_play,4,positive,positive,positive,negative,"App is very good, but 1 drawback for seafarers. Please keep an option to operate this app without 2/3 updates of this app. Some times seafarers are operating this app from mid ocean, and it is very dificult to update the app as network is not stable for uploading data."
28294ede136759e528836a8d94b0ecf9564c979d3d9edde7292b57eebf03b803,google_play,5,positive,positive,neutral,positive,excelent
f4c94a005f9dc0d5564bc6dae892a47300856d236d68581e0608325bb96d02ed,google_play,1,negative,negative,neutral,neutral,bank er service and reputation onujaie r o valo develop kora uchit atw complicated ui /ux use kora uchit na onek option kuje easily pawa jaie na jara na bujhe tara janbe ee na say option gulo kothaie ase r o easy kora uchit jano user ra use sohoj a korte pare
59053b7365b54bff00b2401c04a2423219334729650a3d9b122e529a16fbd8d5,google_play,5,positive,positive,neutral,neutral,ইজি একটি মাধ্যম
e9ef2765d66234a7238e209bac13f3459777c7562cb00f77306027464ad97e96,google_play,3,neutral,neutral,neutral,negative,"The animation that happens when switching from one page to another takes a lot of time. It's annoying. You should fix this issue. Even if I want to check the balance, it take much time. The animation should be smoother."
23bbb79ebbd10a377ceed004e5c4087fa3c4e613e6231c17f59988f708becdd6,google_play,5,positive,positive,positive,neutral,Best app for online Banking in Bangladesh
a97e14d0a0af8cc62d78e4bc613332222352dedad358fa75c2f856fe6ff7d2a0,google_play,5,positive,positive,neutral,neutral,naic apps
e695718bb246362a1fb10f450d7d0469a464837aec16581c0b87fe07f7441382,google_play,4,positive,positive,neutral,positive,better
62cc5821b6ecdd373ce19a3eb441558cfbf6474d45341a13f85dc8310fada043,google_play,5,positive,positive,neutral,positive,user friendly and easy to operate
8d7f6ece88aea9d58af68c250c0453a81fc305e53a0837d3fe673f7f04b55801,google_play,2,negative,negative,negative,positive,The app is slower than the other Bangladeshi banking apps. The design & experience can be enhanced.
b8f5afd8342c4e29d1b76b19b6b4661aa71b9cce16b49adc4c920bb768ab2493,google_play,5,positive,positive,positive,neutral,Best Banking App
8b2f8c921db20c833d7e696559a8973d1035b95c75af28a5277d7a5f4e9ed9b6,google_play,5,positive,positive,neutral,negative,brac bank is the bast in Bangladesh
8d8d7af46a4c84ea706b7a87d4d74218c5a6185b5c2935a00b9f28a1bd31d502,google_play,3,neutral,neutral,positive,neutral,Need to be more faster and clear
72f6b2308d53cb2c3c997b1d50a7898a07988f5fac62182aa3f824771e059d7c,google_play,3,neutral,neutral,neutral,negative,"In adding Beneficiary name, there is insufficient space for Account holder name field. I could not write Account holder name fully. It was 28 characters. I hope it would be fixed soon (upto 30 Characters)."
f2b409b756f34bc9803613beab0df5fa76389900e2ee67e9815652b112da9bca,google_play,1,negative,negative,positive,positive,best sheba.
4bb4d503b18dad81a674f6eb3c997249c5be5d9cd5a459ca7e3e4d0d4409819e,google_play,3,neutral,neutral,neutral,negative,with low signal/internet can't log in
7885f9059e761be23694fa1e78b0266f0a1363c2c2ec7e40e66a48aa95953fe5,google_play,5,positive,positive,neutral,positive,fantastic experience with Brac Bank
853f2d9dc477378f3ec9569a57d575d49ccb8bdb6742df34ac1b494c2d6804ee,google_play,5,positive,positive,neutral,positive,nice service
4247cbd7c237d54ca6c846068bd14bbcecc1211ff9f0e69fa95eac21b034b923,google_play,1,negative,negative,neutral,negative,A very slow app that is very annoying to use. Try to make it fast like Bkash apps.
55828ca8a35ce1a171c06149b5eaa3520c1465ca8ddd62a9e34448619970f374,google_play,5,positive,positive,neutral,positive,nice 👍
4158af431b9ad90b87ddf138531132f605adb3db292ea8436bb2902291c304e4,google_play,5,positive,positive,neutral,positive,I like this moment ☺️
228bdb0742c615ac2f67e678c9f08f70095a79e0d8f731cb9dcf880cc35e3a59,google_play,3,neutral,neutral,neutral,positive,good but slowl
66c9bee314ca3d6ae6337d65c0b87d584a902896b9cd967140c3f126b8edafdb,google_play,3,neutral,neutral,neutral,negative,"The Astha app was once an excellent banking app, but its quality has declined badly over time. The app is now extremely slow, lags frequently, and often feels unreliable for regular banking tasks. Charging Tk 10 for NPSB fund transfers is unacceptable, especially when other banks like Prime Bank and Pubali Bank still provide this service free of cost. This decision feels customer-unfriendly. BRAC Bank must urgently fix performance issues and review its pricing policy."
329a6a68cfd1dd4dcff8730af3084cc69913916b8c6af264a2d9ce6fe28378d5,google_play,5,positive,positive,neutral,positive,its awesome 🥰
204f64dd9b43ffb932f92b6ab9134c5c57c60603c4236f420b597a6fd2575a46,google_play,5,positive,positive,neutral,neutral,প্রবাস থেকে ব্রাক ব্যাংকের আস্থা অ্যাপস কি চালাতে পারবো
4acc115a8b602aa828c3bf81d681bfb141457e6acf5a59acf8bcf1ff3c7edb36,google_play,5,positive,positive,positive,negative,good but I cannot open otp on my redmi note 8
9d3350d1aa6fb27f6e0630dd3484598711c49e20ed921ab8f1982780d855e226,google_play,5,positive,positive,positive,negative,app aktu fast korte hobe
fd812471082fad9e12979380e339d0ba8909cce8b0a5c47b1a745f1fb862c99b,google_play,1,negative,negative,neutral,negative,disable preloader. It just ruins overall experience
55f359f345fa725910deb131824bd902625c8bc140a156f35c743866b78b3606,google_play,5,positive,positive,neutral,neutral,i weel try
b13146d8f5cefcc1d070cc8b5a42c0605aeb048df3b1822c260ffe69dac56092,google_play,1,negative,negative,neutral,negative,nothing to apps four developer and not open bank account
72f9c8ef865ad9996feb4d2f88835ef6e034112d72b78383354f6896aafab99f,google_play,1,negative,negative,neutral,negative,does not work on bootloader unlocked device.
999fa006920de54dd0841d4ec907cd94d19754989f338e7fea001fbafabacf74,google_play,5,positive,positive,neutral,positive,A caring banking app that offers instant support when you need it most.
b341a2c332b12c0834f4c60e1807d23d4aa9f0cd805bca90922cb102ecc1e168,google_play,5,positive,positive,neutral,positive,wonder service....
0b007d16c0c434be620f400d6fd209711e4952ec226e2fc9dd1840d7d29c683c,google_play,5,positive,positive,neutral,positive,nice apps
637e4f032afab49af3963fdf4fdebfe00bec6cce80767a1b07165293a4428a77,google_play,5,positive,positive,neutral,positive,smart and handy
4c14c2e938437f9b81ec64f225eac2570113dd4a7c6e8ac30d8013486bf25669,google_play,1,negative,negative,neutral,negative,Too much slow. Not good at all
15f2708ef56419c550758516e7db15cc68569441f6290093d17e8264b65f4d9d,google_play,1,negative,negative,neutral,negative,"Such a poor Ui, seems like an App from 1990."
0e95a97fcef2527518832a80eefc20d824ce2c386d791d13aa117bd786ecc6bf,google_play,5,positive,positive,neutral,positive,nice app
054d5cdb5fcdacea2ab8b43f8733d8e231991f19352632cd3f58c835ffbce577,google_play,5,positive,positive,neutral,positive,at a glance user friendly
0cbc991da9b1e6126b77a567d1ded870c0d10c1381ae4bb82d35e7b3e6b6a6e4,google_play,1,negative,negative,neutral,neutral,amar phone root kora na tarporeo app open hoyna bole phone root kora!! eyta kono kotha
6a8c20069234a9d9dcd873db4fcf2d13be1db43d00880cfac72cc7fc9f91dce5,google_play,1,negative,negative,neutral,negative,"The astha app by BRAC Bank is a profoundly deficient digital platform, exposing systemic failures in design, strategy, and execution. Its structure is chaotic, visual logic is feeble, and usability standards are flagrantly ignored. Performance is erratic and unstable. From a governance perspective, it is indefensible and misaligned with modern banking paradigms."
f89ff69b3b59c0749ff87eae2ad75fa5b221e471152f0a7ced06e3afacea0330,google_play,5,positive,positive,neutral,positive,nice App
0b6c92654f622706842913709be0b241365c989b22af69618b57ea1c351d08b5,google_play,5,positive,positive,negative,neutral,"আস্থা এপসের অনেক সীমাবদ্ধতা আছে। ইসলামি ব্যাংকের সেলফিনে বাই ডিফল্ট লগ ইন Info বসানো থাকে, শুধু পাসওয়ার্ড দিলেই লগ ইন হয়ে যায়। সেলফিনে কাউকে একবার টাকা পাটালেই সেই একাউন্ট বেনিফিসিয়ারি হিসাবে এড হয়ে যায়, আলাদাভাবে করতে হয় না। সবচেয়ে বড় সমস্যা আস্থাতে OTP সরাসরি এলাউ করার অপশন নাই। OTP দেখে বসাতে হয়।"
b8c62fbebf9dcbc83ff0662f35ca0878a156d1160307b3ee31e6a83bbac70d56,google_play,5,positive,positive,positive,negative,"A very nice app. But no work can be done without card active, it is not good. I want to work without card active."
39c196138e2c0992ee6caee6f3b605497ffe539f5486ad077a379652471bd7ce,google_play,5,positive,positive,neutral,negative,Awesome app but buffering
c7e35a756d416df1b1cd044674f362ff2901bd26dc9ee1191cfa5f2b41fd0067,google_play,1,negative,negative,neutral,negative,very solow
4ec265970bd959b7a8a13be397430a844f6ad56298bf9422237eb7ad2805d48e,google_play,1,negative,negative,neutral,neutral,"Assalamualaikum, I want to open a BRAC Digital Savings Account with Visa Debit Card. I have my NID and Bangladesh mobile number for verification. I cannot visit the branch. Please guide me step by step so I can complete account opening online. My Address:"
97bb43378f5d9d33a57d2898c1fc5555947c1b5fde7818dcbb6598cb381736a9,google_play,4,positive,positive,negative,negative,Works too slow
6abc950bed00ed3027fa095e3df5ff4214164a7ed3374908d1a683eab8abe4a4,google_play,4,positive,positive,positive,neutral,"Please update your app so that the user name remains saved after login. Currently, users have to enter the user name again, which is inconvenient. Keeping the user name saved will greatly improve the user experience."
08a93851f79bffcc36355796cb41e7bfc97f6ad2fbe7022f0ed07ad7960ebb7f,google_play,1,negative,negative,neutral,positive,"Oh wow, what a delightful app endless loading screens, failing transactions, and bugs everywhere. Truly a masterclass in how not to build user experience."
c6df7be1a0cdecdb02376e1012881e72e1dea4768e357695ec48100c59d2ca21,google_play,3,neutral,neutral,negative,negative,This app is very slow that is very annoying for use.please fix the problem. it tooks a lot of time to do a task.
e4207cdd31dbc9737510345090c6d7e39d856112d010621919457848694d9103,google_play,3,neutral,neutral,neutral,negative,"every time I logged in, I have to put my password on. it frustrating!"
1e6a639b134591f5c3cfe7c0f8ad2c46709327027c1091d5b4f16423d13bdf10,google_play,5,positive,positive,neutral,positive,ব্র্যাক ব্যাংক অত্যন্ত আস্থাভাজক একটা প্রতিষ্ঠান। ব্র্যাক ব্যাংকের সাথে যুক্ত হতে পেরে আমি নিজেকে আনন্দিত মনে করছি
605124b3448c14085cc64accb4f062c084397729ebc7114913a830b30b50a710,google_play,3,neutral,neutral,neutral,positive,Nice 👍
f1d0dc6179c50e8fe21bc016f44e754c7dd1ae3d4f9ea1a7572d09f22f1d50ff,google_play,1,negative,negative,neutral,negative,Maintenance break without notice
ffab2165bf03dbe284ca553e338286800dc367ac3d595f3d2704b4dce56e1943,google_play,3,neutral,neutral,neutral,negative,It's not an proper Android application. It's just an integration of webview pages. That's why it doesn't feel smooth like other banking apps while navigating.
aa0d804f911b117cce2e767147831424712c39dacc09fdadac9f87946928bf34,google_play,1,negative,negative,neutral,negative,sarver eto baje ken. kaj hoy na. sala ekta kaj korte 30 min boshe thaka lage
551c4e605561939becc61e85f11965344850925dc7115689df50ec0ed734b240,google_play,1,negative,negative,neutral,neutral,একদমই ফালতু অ্যাপ সার্ভার
c00a7b3f5ffb8e74ce6ebf9e119f1e439c0718a2d1f35863dced76b9259f4263,google_play,5,positive,positive,neutral,negative,এটা ওমানে চলে না দি
44ae256d37289b150e3dcd7a42ab4193790e6c297a6460672a100b5f30ab1a41,google_play,5,positive,positive,neutral,positive,nice app
32aaefb54dc41ee3c019dd9c5a42040e362097b3b104cb9f6424b86948fbf30a,google_play,1,negative,negative,neutral,negative,"Need to improve the ui experience.Lack of fluency & smoothness over the apps.So the developer must need to improve the overall ui system,smoothness & the smooth transition of the apps..."
174fd23af3ae9a397f46c9d5a760542c48b52f34fe75794276a9729e8490606e,google_play,4,positive,positive,neutral,positive,"This is a simple and easy operation app, also for quick services."
58b3add7da7743f232054724850307b59cc41f22d0c1dd671d9c506477f5fa52,google_play,5,positive,positive,neutral,positive,nice aps
74f91c41323ec8edca32de1e93947d6a351d23153d9513966d57260cf40d8916,google_play,5,positive,positive,neutral,positive,I am satisfied with using this app
a5b3b596fbb08bc2b5abcd689084b4210cf9a56bb95bc9c88acf2e4e6e4654b0,google_play,5,positive,positive,negative,negative,need more improve designe & speed.very slow runing app.
108f7a8e624edde7729c71ccd9561804815ce4347885e0ba853c178f5c137add,google_play,3,neutral,neutral,neutral,negative,"The UI of this app is super critical. It is not beginner friendly like bKash, Upay, Nagad etc. So, it should be changed according to the customers choice."
0860bbbdb1c4f7ff161e6fddabeb95bc8709e4fcbbf4f7dd08a8e2ee7c5bb5cc,google_play,5,positive,positive,neutral,positive,Current apps performance is much better then previous one.
3cc9f430bfaaee77db904edf4b1970d0ac57f76c4bcb8e45c810854f266f8f20,google_play,5,positive,positive,neutral,positive,beautiful apps
b4d33e77d56817521fbf8aed469e6240df5b709536cfb4afc05c917cc7a62a59,google_play,5,positive,positive,neutral,positive,Extraordinary
a187b5b1fd0096c39e3871c83fad51f2ab80593bcbb4a5504b2639a994be8953,google_play,1,negative,negative,neutral,negative,"ইন্টারনেট থাকা সত্ত্বেও ইন্টারনেট নাই বলে অ্যাপ ওপেন হয় না। আর ইসলামি শরীয়াহ ভিত্তিক ব্যাংকিং নাই, একাউন্ট সুদমুক্ত/ইন্টারেস্ট বন্ধ করা যায় না। এ এক আজব ব‌্যাংক"
e718ff134a53de113f64638aa36f93d8e92e0781c933e6142ed260d681e08835,google_play,1,negative,negative,neutral,negative,can't login 5G mobile internet
15ecbd648ffece39410e7571292247896c3592ef8a77eb71d82c4ed6a64935c7,google_play,1,negative,negative,neutral,positive,very nice app
d814a26f2595d53ed23dbcb57b92dbb25b49e66ff4d8ab817acb4197a12a5b77,google_play,4,positive,positive,positive,neutral,"Please add Goal based Dps like City bank citytouch app.Dps tenure start from 6,7,8,9,10 month to 120 month.Add lakhopati and millonare deposit scheme in astha app.Please add debit card and check book request option in astha app.Upgrade astha app for fast and covinient service. Please add deposit account add or remove system in astha app.Add abiram,Freedom Fdr encashment option in astha app. Add interest turn off system in app so that these customers cannot received interest in their account."
b17e8a197f10060352903fa0e92875628d4dfdef228ebb205f17eb946135caf5,google_play,5,positive,positive,neutral,positive,nice 👍
96fff25173cbdb92bcf1f85b9a3254c02f114f23918cf5660e79da5491e6ccf4,google_play,1,negative,negative,neutral,negative,2 din por por i update chay... 0 star deua dorkar
99ee5e40c72d017b858cd3ae62e9a1658a337cd427e37ddf8aaae7085b0ee30c,google_play,5,positive,positive,neutral,positive,alhumduillah ami Astha apps er maiddome loan peyechi
6afb8ac577ef6cb38d4c0c9ef58a831f634dcaf2ffced1de2373d81b6f61f58b,google_play,1,negative,negative,neutral,neutral,Easy and Smoothly
c40c24a55ac50836e1f8e25f723745561721e17a0a73ce84bedaffe16c4cec97,google_play,3,neutral,neutral,neutral,negative,before have email address update option but now don't have. 🥺
3c0a43795ccde0412adbbc8e9fe7be596a996908657866d434bb856acd74d70b,google_play,5,positive,positive,neutral,neutral,supper
34ba8973d93ee2c55ef59bf068d8ca28412c8ce8a0e714d94069716feae7ac7b,google_play,5,positive,positive,neutral,positive,"Arguably, the finest banking app in the country."
4eb6236102ce812e5d7f30f1dc0e490afce8085921970ba68c8d5654cdc29bf5,google_play,1,negative,negative,neutral,negative,bug specialist super trash optimize app
9d974fe153184aeeb1d51a0e2792dd2e5ab19001e2e7e0c518ff6c77d0850fda,google_play,5,positive,positive,neutral,neutral,Smart
fd5b754699a010c505e4bcf7a87c3802d3df73ccf48750786f933393cd619c9b,google_play,5,positive,positive,neutral,positive,very Soft Apps
8373120ffdc38f99d34b78cce7e6e98218c9008eff106dc2d26f72c1d719ff9e,google_play,5,positive,positive,neutral,positive,Nice app
41193a8b64058bb9395caf06baefb5ff2b058bb58d8d02025afacbf0e5e15974,google_play,1,negative,negative,neutral,neutral,bug loading time only
eca57e72406230497cb037698be1c0d2843672909ce1f3b48e0732b25e4a7078,google_play,5,positive,positive,negative,negative,The app is slow to use need to improve.
901453355b6ad0ceefc018ea1fd47dcc058546277d5d3fd21f20954779e54a32,google_play,5,positive,positive,neutral,positive,Super
39cc6cad887a8069dfa5036121599e4352003202dc7aeb23725ad99e2cc67568,google_play,3,neutral,neutral,negative,neutral,নতুন অ্যাকাউন্ট খোলার কোনো অপশন খুঁজে পাওয়া যাচ্ছে না কি সমস্যা
a93f5b5dfd78cf2b3b760dfa4645251ddae692c376a2578f830e6f6c5f758495,google_play,1,negative,negative,negative,neutral,slower than others
2f675980e02b4901daffe75ec1fdc69d691873ce693187355dde886c0bfad242,google_play,3,neutral,neutral,negative,negative,"Still have bug !!! Happened to me 2 times, during NPSB fund transfer after providing OTP apps show ""transaction failed/error"". After that checked balance and found actually the fund was transferred !!!"
8260a1c048284df4ae7517979a8d4560a324210ea2f0bb383cd3fb81e0c9eeca,google_play,3,neutral,neutral,positive,negative,"I have been experiencing excellent banking services with BRAC Bank for the last 6 years. But the app is so laggy, so please fix it as soon as possible. Please add a feature to enable or disable foreign transactions for debit cards directly through the app. Additionally, some features need better reorganization for improved usability. The Desco prepaid bill pay feature is missing… I will give 5 stars if they fix these issues. Thanks."
d7a12d70a085c1fcbb94ff504cb40ab09b7d245b97cbb4dae25225b78c1ee279,google_play,1,negative,negative,neutral,negative,"I have disabled option to show balance in dashboard, still it is showing after update. Solve the issue asap."
ae8aee8452972260fd8697d90d6fc4512ddf869abfa1411c3112c343893df07e,google_play,2,negative,negative,neutral,negative,এপ্লিকেশন লোড হয় ওপেন হতে সময় লাগে অনেক। 😥
9ba411f6800d8566ea539500690dd576bc52e2f0f299506649c08311706e56be,google_play,4,positive,positive,neutral,neutral,Please add an option to remove profile picture from astha as like by default.
403d9d3b5b91518ea36b4b7e460f6d3b097888c734c6ace988d23215bceadea0,google_play,1,negative,negative,neutral,negative,"After the latest update, there is a bug, from user settings show amount in dashboard cannot be disabled. it shows the amount all the time. this is ridiculous from a bank like BRAC Bank."
a7b78cb236e546612e2d34afe2fdf819b4915e532d9165a6c1069ecafa1638ef,google_play,4,positive,positive,neutral,positive,very nice experience I am very happy
2b876e9035916a943cfd3f38097c2490a440e88d27af17bc01b7389d00dee38b,google_play,1,negative,negative,neutral,neutral,সবার জন্য ইনস্ট্যান্ট লোন সার্ভিস চালু করুন
916ad2afd076eb2bfd178e66ccf9c1c6e5f2a62ada9dafb835ebdef8910c6dad,google_play,4,positive,positive,neutral,neutral,show balance on dashboard অফ করে রাখলেও অটো অন হয়ে যায়।
bcff90ceac05515227c4962be07a8285f2a4b4f32002300f672988641bdca521,google_play,1,negative,negative,neutral,negative,"খুবই স্লো, এটাকে ফাস্ট বলে তারা আসলে সাজানো লোক। এটা ঠিক করার অনুরোধ করা হলো, সাথে ওয়েব সাইট টাও ঠিক করা হোক।"
dde16c778de4c10e1ed34d6bfd7550a59212aeda0187500d9a14669de8d75b67,google_play,4,positive,positive,neutral,negative,Very Effective but takes too time to log-in.
fd9d0de6ef70b7388daff7857733d6c917dc850e47524b1af1bea2e6e9a20c61,google_play,1,negative,negative,neutral,neutral,can change the status bar themes to dynamic on android.. black bar looks like old UI of android.
ba0bf48a3a3979efa70bf1f30c0cd1b69c32181d2b1bd550a431a0c84ed53325,google_play,5,positive,positive,neutral,positive,Beautiful
86e6002cc5e63e247265daa862c1e42dfbf89f5604964be556430c247a7eb2d6,google_play,5,positive,positive,neutral,positive,I am satisfied for this service
86371354ef2f34569f2d1a95b33ea91176a09b8081635a88a86606333c658a06,google_play,4,positive,positive,neutral,positive,nice app
d1805a68f6497b92d731ddc1f53368786f983ecce3bc2e034af482a6213265ce,google_play,1,negative,negative,neutral,negative,This app is more than a bank of bugs. They are always prepared for take there all kind of charge timely but when it comes to provide service they become as like there apps. It’s take more than 30 sec to change any menu. They are mostly raised bank in BD but I think they developer their app by intern or trainee. Their some customer care person doesn’t provide satisfied service both in phone & branch. Recently their toll free service alongside app doesn’t working.
fe3089b064f909d548643ca40aa8c7ac2a142ca08ef59580ee52d16befda37bd,google_play,5,positive,positive,neutral,positive,Such an easily understandable app featured with all connected facilities
61df886b4e7f51007652ddd106fb4cf8256d553953b74ec10a16e5ee0ee87620,google_play,1,negative,negative,neutral,negative,It takes too much time and attempt to do anything on this app. Always showing unable to process.
c88e91b206258da1cf9dedc39a804e24e0f7139d3c47e89df65de9cb7258721c,google_play,2,negative,negative,negative,positive,"আপনাদের এমএফএস কোম্পানি বিকাশ এর অ্যাপ কত সুন্দর বর্তমানে দেখলেই ভালো লাগে, আর আপনারা ব্র্যাক ব্যাংক, কিন্তু আপনাদের এই অ্যাপ ব্যবহার করলে মনে হয়, যে সেই আদিম যুগে ফিরে এসেছি, এত বাজে অভিজ্ঞতা এই পর্যন্ত আমার হয়নি, আপনারা ব্যাংক হিসেবে ভালো, আপনাদের সার্ভিস বলেন, ব্যাংক এর এটিএম কার্ড বলেন সব কিছুই দেখতে অনেক সুন্দর কিন্তু এই অ্যাপ সব কিছু শেষ করে দিয়েছে। যায় হোক ভাই আপনারা অ্যাপ এর ইন্টারফেইস UI সুন্দর করেন, এই অ্যাপে লগইন করলে মন খারাপ করে যায়🙃"
3c92064f5664c9aedebb84773823d08f811dad8519724d00d073d0884c78314d,google_play,2,negative,negative,neutral,negative,In your last update you screwed up the show balance in the dashboard toggle button. That button resets back automatically. fix it asap. also try to make the app faster. Really slow compared to other banking apps.
8750a8af8063bace2a9d01ddcea98fc358188a62494df80c3bc5bde15d061d56,google_play,5,positive,positive,neutral,negative,Please update the app. I got some bugs in the app.
a3db60b9269270dd5a6274964443bfc8746fc985d0ff2024add4da520ebbb6e9,google_play,5,positive,positive,neutral,positive,user friendly
4d9fcf76dfb02ab930f5c322b7177951f22cfec90973262b773429c8ace8c190,google_play,5,positive,positive,neutral,neutral,need loan
c961908faec45ad326b1b7e95008924e3c4488704fc04598c0c110bf46d90af6,google_play,5,positive,positive,neutral,positive,Better experience Account security safe and secure... service provide instant alart more than better experience 🥰
21fec1322031b1c54c3bf57cd95032da1e683346bec20af4268e0d51dab5530b,google_play,5,positive,positive,neutral,positive,Satisfied
83e41003f54a79ecf21da67597f6bc0e919ab7166b4184d1e765948da688e03f,google_play,3,neutral,neutral,negative,neutral,"it's work slowly, more loading time"
4af1e87919df6bc8f70e2670a1f6eaf57bea1b3d14bad6ac4fb2abdb4b31effc,google_play,5,positive,positive,neutral,positive,Splendid!
276371887ef54c4057ee965bb1053c203378b74d752f1d5453029c70c263b76a,google_play,5,positive,positive,neutral,negative,কেমন ভাবে বুঝবো
12014be83d9e4b4977acd19ef8c9cedc4e80ad49fab4f6b3cbe2bdc44a819143,google_play,5,positive,positive,neutral,positive,very friendly
51f08bb4e89316084e649b82dc02df8abea99c1ddfe2073fd167bbbb137875d8,google_play,3,neutral,neutral,positive,negative,"*Good Security, but Poor Practical Usability*. AASTHA Web’s QR-only login creates major issues for small business owners. There’s no username/password option like other banks, so the owner must scan the QR code personally every time. In many small businesses, accountants handle daily transactions while the owner keeps control of the app and OTP. This workflow is now impossible. Please add a secure username-password login option alongside QR login to support real-world business use."
c9d92d278fcd2c8204f3f7646194fc960854fea4f4cdd81db9b7c3b8ff5df967,google_play,5,positive,positive,neutral,positive,Wonderful Experience❤️
b73070c9fcf0eb675a1aa9555d3269785453178690cb26bbaa2ed487cf84487b,google_play,1,negative,negative,neutral,negative,wrost customer service they don't reply email. as i opened my account from saudi Arabia cannot acces there call center
f721ecb5718a12d907301b8115a1bbb4c78044d5f70eb09f2d9d1eaa3b5e33b2,google_play,2,negative,negative,negative,neutral,"অনেক দিন ধরে আস্থা এ্যাপ ব্যবহার করছি কোন সমস্যা নেই, হটাৎ ই এ্যাপ ওপেন হচ্ছে না, ""This Device is rooted. You Can't use this app"" লেখা দেখাচ্ছে। ব্র্যাক ব্যাংকের উচিত এই সমস্যার সমাধান করা।"
b50f2bd0f99153e4379f6dfe53883acc6c09a121b7758827731f617ac4e70cd8,google_play,1,negative,negative,positive,negative,"এই অ্যাপ সার্ভিস ভালো নয়। আমি 17 দিন হলো অ্যাকাউন্ট ওপেন করেছি, অ্যাপের মাধ্যমে। কিন্তু account hold করে রেখেছে. সমাধান পাচ্ছিনা।"
c0765180a9053f2b83b26f3faf477bba444708a566f43581a1aeea260c7b1fdb,google_play,5,positive,positive,neutral,neutral,★★★★★
5778d9f54f8ad6fadcc79d1889462bb0e57cddca64c8ca03b7a395094cb5ee71,google_play,3,neutral,neutral,negative,negative,facing OTP problem
944c21a958655c448f5ee76e14e39ae8c92c00aaf53c51e13fe7797b0ea2d68b,google_play,5,positive,positive,neutral,positive,It's an amazing app.
62cc2271e5d22dee60ae92fc045bbb42b3855431c057e1ebf065c6a3afec6759,google_play,3,neutral,neutral,negative,negative,doesn't work in china. server is very slow.
230196794059400c2a3d0ee1a1d6b33868867492d1b31f56d46470b09ffdebf8,google_play,1,negative,negative,neutral,negative,"আপনাদের এপস খুবই দূর্বল এপস অপেন হতে অনেক সময় লাগে , আবার অনেক সময় লগিন হয়ই না, লোডিং নেয় অনেক, এগুলো ঠিক করুন"
404ba6e6e466cbcae0873ba3517e6917e0216f07e17153686002cadfeeaeeb82,google_play,3,neutral,neutral,negative,negative,"The app service is good but the only problem is that the apps work very slowly, please make it a little smoother."
2a10244f0922a39332deb91f4d754227d7c8f598fa32c271e2b37862350b2188,google_play,5,positive,positive,neutral,positive,Superb
d436333cf395244078c2374e45d813b7a2c001d9978230cd829fca58f01463a1,google_play,5,positive,positive,neutral,positive,Amazing Apps
e5a69c0f21b220391d9622cf9d7424886a07c278065c4704af377f1a93cf7844,google_play,5,positive,positive,neutral,positive,"Nice & Comfortable, thanks Astha."
b2f8da5aada1894573f240d564bcc3e240244722e0811cbc0cfb54889960579f,google_play,3,neutral,neutral,negative,negative,tooo much slow app
6166695a0bb68731a1e1db70b383d0ac6ad804e342aff3e75815c72e4db3dde3,google_play,5,positive,positive,neutral,neutral,Jidan
adf9ef2a3d4c8263cebe9a448d2e3245272fc8d329a20f2f850102ec93737e25,google_play,1,negative,negative,neutral,negative,Couldn’t log in. Giving SMS the phone is rooted.
b71599dbf1f3fa3547c4832d1964b719a4012ad2e79588efdc5e248a0ba9c499,google_play,1,negative,negative,neutral,negative,এর চেয়ে স্লো কোন এপস্ আছে মনে হয় না..
2fa2e6a36f7f545d410c68ce029a586fad198d61f66f93f8566cb187d7f35ffd,google_play,3,neutral,neutral,neutral,negative,"Dear Team, the app is very good, but loading time or ui is very Slow, please update the UI/ loading time,,& sometimes I can't access the app, various issues arise."
703250fe90ebe0b113d2cc0865d99851198aa6b71a0c93bb645c76edcddf7457,google_play,2,negative,negative,neutral,negative,why astha is not use without card
30ed774efdf574f4703af53d9deb5a789fcdd000814a8126728edc99a277000b,google_play,5,positive,positive,neutral,positive,very useful apps🥰
edec14cab463c62f5d6407c36d82903e300beba233edc3e34c5cbc9707e6ec6c,google_play,5,positive,positive,neutral,positive,"complete banking package,,, Outstanding banking app."
2588522a972daa5506e11d8f54a8ee9fb59295d40825905fd61c9a0af831adcf,google_play,5,positive,positive,neutral,positive,nice app
7a292c0dda4dba8988fd1ad303d01508640f7afb0c16cc53f557da8b9f4b3d66,google_play,5,positive,positive,positive,neutral,"transaction, payment, cash withdraw, fund Transfer very fast"
305204c545271aed6f20a13dca7de35d344d23be5c22c0c3e2e4e5ec3669e595,google_play,5,positive,positive,neutral,positive,Alhamdulillah
779287ef68cb8bcfff6ae74362523b3d6fcecfb326a36c404ef139678c91b4fb,google_play,1,negative,negative,neutral,negative,"Recent updates since, last year, and the policy to use latest Android version has made the App, a bloody bloatware. Even after change devices with latest features, it so damn heavy. It takes ages to load and the constant updates make it a daily chore to use it. t's saying it's for security and blah blah lots of stuff, but it's not responsive. Now there are more popups in the app, insurance, and this and that, what nonsense. It was supposed to be a simple gateway for personal banking, now its"
d0568627e6b07a445adb921d9c3af99ea11428b1044e1251698676aa214f45aa,google_play,5,positive,positive,neutral,positive,Very supportive app
18c5cad5bf6b3e32cd8e78c0df40bdac022518778f9ebdb13454e2ffe4f65220,google_play,5,positive,positive,neutral,positive,Very nice app
9b66754ccfa4fb07689f7649ab92bcfdfa968426ba52e81d877ac3a96b66ce4f,google_play,5,positive,positive,neutral,positive,সত্যি খুব অসাধারণ এ্যাপস
0820dcc7c4209b3566f55873be3df4f80e3496c70dbbb4231c86b8f109b47dcd,google_play,2,negative,negative,neutral,negative,"This app is so annoying! Every time I click on something, it just keeps loading, then a text appears saying “loading” again and again. please Don't say i've poor internet. Using cellfin,ibbl,rocket,ebl apps without any loading sms or this kinds of text."
7fd29d570c852bf1a50061015a1b5eacff80c5510fbd01d89c8c930e46b3b1ac,google_play,5,positive,positive,neutral,neutral,Vey existing Experience for me
7028be81becfb7784fd04ece892d5ca3462b77c00fb7339de8d674285f669c42,google_play,3,neutral,neutral,neutral,negative,"খুবই স্লো কাজ করে,লেনদেন করতে অনেক সময় চলে যায়,আরো ফাস্ট কাজ করতে হবে"
c96e6520a465c169096c97ebe9cbb49ca71c1f433658481d7126bc54b0a8d60d,google_play,5,positive,positive,neutral,neutral,গ্রেট অ্যাপস
089241e3238b6ff5f2e6e989f2f9c7777acae65872c976eae2b533ffdd772ec6,google_play,3,neutral,neutral,neutral,negative,Its take too much time to loading.
844c0fe05bc960df6da69d6e375e2f2e2676217285e1134380c57aaa7aeecdf3,google_play,4,positive,positive,neutral,neutral,"খুবই ভালো একটা আ্যপস তবে বেশ কিছুদিন থেকে আমি ব্যবহার করতে পারছিনা,বার বার লগ ইন ফেইল,আন ইন্সটল অপশন আসে,আন ইন্সটল করে পূনরায় ইনস্টলেশন করার পরেও সমস্যা সমাধান হচ্ছে না।কতৃপক্ষের কাছে এই বিষয়ে সঠিক পরামর্শ প্রত্যাশা করছি।"
8a044fe832fc18f10ad1ec4630e788e8d791f9e1e3acf4424a110fb9941fc48d,google_play,2,negative,negative,neutral,neutral,Huawei App gallery te app update ashte late hoy keno??
b0d70671edbcb2525941354af5541ecf184c1a9697f4309284baa1d73ec49f25,google_play,1,negative,negative,neutral,negative,BTAC Bank Service was Too much disappointed. Close my Account asap.
186104796173dce28e127e547023ea1116246a09379adeae2fe5a2cb8d7bd7e8,google_play,1,negative,negative,neutral,neutral,app not opening just loading on first login page
faca56bc794ff89ec8de775f79a38fb61dc6b53770b913692bcb11ecbf4b1244,google_play,3,neutral,neutral,negative,negative,"Almost 3months im using this app. Please try improve loading speed,always it take so long time to load.and most of the time there is a timeout error pop up."
f28f2c6dc446b27d9b9686dedb9ce0d198e7446bd7c34bc3bf912538efa84b22,google_play,5,positive,positive,neutral,negative,"My phone Redmi 10c is not rooted, but it says my phone is rooted and I can't open it."
b3644dd6aab4501ff49385788fc0e7b5f0272817033c8a1424966d291a4c0b2a,google_play,5,positive,positive,neutral,positive,one of the cleanest banking app in BD😌
5cc054dbb63ec6ef070112f7082ad50001d9c7d4d09fa4b2f804e1a23b70f876,google_play,4,positive,positive,negative,negative,Very slow app ever I used.
b5747d10984146d4410e625514172f107a4c0f95f884b8978c4da89596b6949a,google_play,5,positive,positive,positive,negative,Its too much helpful for me.
bcbaff535a09a919c36d778abc9c3a9629e2ecacee9f1b657c68afdd90408c1d,google_play,2,negative,negative,positive,positive,ব্রাক ব্যাংকের অ্যাপস ব্যবহার করে অনেক ভালো লাগছে। আপনাদেরকে অসংখ্য ধন্যবাদ।
4265048f2f3394571b884db8693336dfc3238a257de9e31651d423468abf466b,google_play,1,negative,negative,neutral,negative,not better
f93a4cbdc0b6912f7ea027c92a2612cc9be4a77212bd18a40d184c509de51571,google_play,5,positive,positive,neutral,positive,Nice asta apps ❤️
d03cb6ea786ea64da141febe5479996d49416770c414c9c064381ab597f9094d,google_play,1,negative,negative,neutral,neutral,"কি এক লেওড়া মার্কা অ্যাপস বানাই রাখছে,, হাই স্পিড নেট থাকলেও বলে নেট নেই,,, লোড নিতে নিতে তো টাইম আউট হয়ে যায়। আর দিনে মনে হয় ১০০ বার মেইনটেনেন্স এ যায়।"
fb1acdd4b2087558d7fb1814d3bfa82b3ee5215b97642d181fc2bdc547eb3045,google_play,1,negative,negative,neutral,negative,app quality is poor.
ad165df438df2a053e25f7be5f23f71e8d4c235cf44edab0b3ef883c0d08ac73,google_play,1,negative,negative,neutral,negative,apps features good but app is slow need to improve loading
78c8718f83dab6a67025964366ca849551b56c6a70df75a69135176b1274e67c,google_play,5,positive,positive,neutral,negative,Very good but login is very slow.
cfc6141b8daf247187e005f906bfdce7fda9f6da7ef5ab6be7f3e2e37ab2a238,google_play,3,neutral,neutral,negative,negative,UI is very slow.. need to fix it
b023a66517e54cdd8f0db7c120db06752e07ce1965925218e1508f2eeff31577,google_play,5,positive,positive,neutral,positive,useful apo🥰🥰🥰🥰
24c9c103153bf53ab7148fd6f5ef5efdd614fa50e55a3ad309130034488a9adf,google_play,4,positive,positive,neutral,neutral,"NPSB চার্জ ১০টাকা বসিয়ে দেওয়ার কারণে আপনাদের গ্রাহক সংখ্যা কমে যাবে। এখনো অনেক ব্যাংকের ফান্ড ট্রান্সফারের ক্ষেত্রে NPSB চার্জ প্রযোজ্য নয়, গ্রাহক সে সব ব্যাংকের দিকেই ঝুঁকে পরবে। চলতি বছরের প্রথম ৯ মাসে সবচেয়ে বেশি প্রফিট করেছে ব্র‍্যাক ব্যাংক তবুও কেন গ্রাহকের উপর আবার NPSB চার্জ প্রযোজ্য করে দিলেন??"
26d64a794b6d4cde1638005288f9a23defecb9f53d25742ee6e5aa95d39e7544,google_play,5,positive,positive,neutral,positive,very useful Apps
12f4f9ba0ac8bc65880c258e777d9d206ca980eb63924e55dbf1608e26fa37d4,google_play,5,positive,positive,neutral,negative,ওকে ভাইয়া
c84c5745d3c2f924ddea2929c4c3c048915965bd02bcd6e7f2f537100b1b67a5,google_play,1,negative,negative,neutral,negative,NPSB র্চাজ কাটা বন্ধ করা হোক মিউচুয়াল ট্রাস্ট ব্যাংক এর মতো পূর্বালি ব্যাংক এর মতো তা নাহলে লেনদেন করা বন্ধ করে দিবো।
85174bcbe5bc3d543d7a1a58e1b68d337227e4b20414f556fbe04aa25ea4b47e,google_play,1,negative,negative,neutral,negative,stop use bbl for add npsb charge
efed8686690ce6b3dc7a2200e7693896b2361ee4096c6b11df42fa021d4cb033,google_play,1,negative,negative,positive,negative,your charging NPSB 10 taka it's not good thing I thought brac Bank was a business friendly Bank.it is not. it's like a other bank. sucks Bank account holder blood. Bangladesh bank says cashless Bangladesh lol you are charging to transfer money. you are dreaming to cashless Bangladesh lame thinking. you are really to apply cashless Bangladesh to should be free all transfer money.
345b8425e2fb362b5155334cc3a2656d2024cbf33d5648e77bef2c56f1ed2b87,google_play,5,positive,positive,neutral,neutral,we want to QR code cash withdraw from branch
005ee01490bf65f8dfe5c796c77a3631814f106326775470bcc471d5f6453d35,google_play,1,negative,negative,neutral,neutral,এতো লোডিং মারলে কিভাবে ব্যবহার করবো? ১০০ এমবিপিএস এর লাইন তাও যদি লোডিং মারে তাহলে কিভাবে হবে? brac bank?
9440d3ee4d7854c0f5a363b740496b0b4b72dd5cd9b68d57ab6b0d0af0e380f7,google_play,1,negative,negative,positive,negative,your charging NPSB 10 taka it's not good thing I thought brac Bank was a business friendly Bank.it is not. it's like a other bank . sucks Bank account holder blood. Bangladesh bank says cashless Bangladesh lol you are charging to transfer money. you are dreaming to cashless Bangladesh lame thinking 😂😂😂😂. you are really to apply cashless Bangladesh to should be free all transfer money.
347e2aa15095ccfa18c0553307b7aad493d4adb274eabac811318b8a240fe92c,google_play,3,neutral,neutral,negative,negative,"Fully Bugs... Error, Failed, Loading, Time Wasting. Need Improve Seriously."
a68cac9f3afd2ccca708b802b127e3243ac385f7407925b141e8f1177bfa9987,google_play,1,negative,negative,neutral,negative,"Tried several times to log in from outside of country, it's only showing ""the connection to the server was unsuccessful"". where my other Bank's application is run very smoothly!!! Very Disappointed!!!"
657d272c9f20b6561db8025c1857719ee8efc6f3834a6af3a5c7219129e3978d,google_play,4,positive,positive,neutral,negative,my divic not sapot
ac2c9c111faa8d7ac33e1bbf209d6e7d7c11bd2e59427d367ebf114c153e90d3,google_play,1,negative,negative,neutral,negative,huawei nova 13 not supported this app
8122ef92c45e6992afe809df7e3eab23d18be1da5baea22728d17038b6c5381b,google_play,5,positive,positive,positive,neutral,Best mobile Banking Apps
0b5251f6c2a3227fda5d9c5c72eacf10f231c2ebe9d9c89c4afbb9cdec422040,google_play,1,negative,negative,neutral,neutral,magir polara dhoner apps banaise loading e sesh hoyna
e9b99d054434ff1ed2e822a0a660e8068157765c9d1db37c279721e3ac878bf5,google_play,1,negative,negative,neutral,negative,ektu por por aps out hoye jai
821ad16a40ea88e53c3a675fa86a40ecc8aa8573f69d5f7fc9c77727ee6d4736,google_play,3,neutral,neutral,neutral,negative,I have been with brac more than 4 years. recently the app has become very slow. they always blame the internet or the device. But this is surely a problem on their app side. I don't understand why they do not take some initiative to make their API and app experience faster. this is really frustrating as this is coming from one of the best banks in bangladesh.
9733a93eef5f6698519f5d491429ca033bbce4d8c4242229f168e4ca6d17f293,google_play,5,positive,positive,neutral,positive,Just wow
d505f720bec71866ee975d99df4f8facc754f7ff3e9b144405177a56c076ed26,google_play,3,neutral,neutral,neutral,negative,"The option to change the mobile number and email address of the Astha Seba service has been removed, please reinstate it."
ece7173580f0a0860c7476e9b7b07993e5086f92627003958448ca8faf5ecb17,google_play,5,positive,positive,neutral,positive,User friendly app.
b2b91225f483ace1b6d8212ab66cf7f155632dff660e89160a29436ca1193a69,google_play,5,positive,positive,neutral,positive,very easy to use
570d08a7c95a0fc634d3f769bff62cc8b310c64552cdb0723d31a5e3e7110c63,google_play,1,negative,negative,neutral,negative,"Fully bugs, Do not install it"
474224664c69a69e6aa6fb5c1bfba0c51828fdd77187a0764433734df19c9b33,google_play,2,negative,negative,neutral,negative,"আরো ভালো সার্ভিস দেন, ওপেন করতে সমস্যা হয় সময় নেই।"
b8d2fe33e928e4523cacb2970d0aeb23150679eec2e6273cb3a1d0bc183844fb,google_play,4,positive,positive,neutral,positive,easy for use
00b33e10c01e0eaadc9e5f499b6f466de6434a874ce0f15eab95134ef7c13548,google_play,5,positive,positive,neutral,positive,One of the most efficient and user friendly banking apps in Bangladesh. Secured and continuous updates make it reliable.
e83e4ec1f5b8b53064ebd5b351e0ff7b62671a6a31d9386b0ab72eeb931dac4d,google_play,5,positive,positive,neutral,negative,why rooted
d5e135f7e89f4b1722cc32c0a018486873ce76ab0205576660ef52601149beb9,google_play,5,positive,positive,neutral,positive,They are very much cooperative.
d3ba93e57ac06e4dea805304101303248e5200ad4fcc3fee6742d09998ab631b,google_play,3,neutral,neutral,negative,negative,The app is laggy Slow. Many called featurerich however the most wanted feature. debit card travel quota on off feature is still not added.
3708637f29a6ed4d5e159b8b4b949a0c71583656b6ebf0ce85e174fca31770ba,google_play,1,negative,negative,neutral,negative,"I am currently residing in Romania and unable to open the Astha App. The app keeps loading continuously and does not proceed to the login page. I have already tried reinstalling the app and checking my internet connection, but the issue still persists."
9eeec509ad72528e8c2dd2887e8dec5009ab237d37183953de0b48f6e5b7f412,google_play,1,negative,negative,neutral,neutral,"আমার ফোনে এই এপ্স চলে না, কিন্তু অন্য ব্যংকের এপ্স ঠিকই চলে। Rooted Issue, এটার সমাধান করা ছাড়া এই ব্যংক বয়কট করলাম।"
77ca0122055a3b7661bccac7db2dd15f3cee6e32f940ea4d95ebad80122debd9,google_play,5,positive,positive,neutral,negative,"Good App, but sometimes become very slow, loading...!!!"
0b2c1a8fca5bd67df2ad31fb9a84215dc7a6d41ac35434e2dd5f4c228671c6bf,google_play,1,negative,negative,negative,neutral,The app runs very slowly. Every click takes 30 seconds to load.
d48ea3c3da3d4dd09431d1bc9911d3223626695b41c00f18b5a44190ca7fd9ea,google_play,5,positive,positive,positive,neutral,Best Banking App
e8b6a1544095b31bb05f3e8faf06f4bdf4c0cf33d21e98ff910cab200aa00f20,google_play,1,negative,negative,neutral,negative,Their service is absolutely disgusting.
d2647d11a01d76a4177260a6827c9f58f0ad8d9ba3f316dd2ce9dd0b35118c35,google_play,5,positive,positive,neutral,neutral,easy access
6048fce77b35dff210d6e0df30541be861fac45ff33c15fafb388a9d0c5796a3,google_play,1,negative,negative,neutral,negative,"আপনারা কোন জমানায় আছে ২০২৫ সালে এসে ও আপনাদের এপ এত স্লো,, বেরি বেড👎👎👎👎👎"
f80740d10b20926bf104c2ebdf2c15f4dddd3b63436de33f13ef3168bf4c0dbe,google_play,2,negative,negative,neutral,negative,"I have Android 10 installed, but app is still showing my Android is older than 10. I'm not able to use this app now. Please resolve this issue."
1830487b87bf5472d2c3519158137f7a1ef7a384cef528f2a6d1e9377facf68e,google_play,1,negative,negative,neutral,negative,"Full of bugs. Even in the highest internet speed coverage abroad, it says no internet connection and being unable to log in."
a77433508a0c1de1f93fa9d7328a06a540801e63ad36310e38eb5660c5188278,google_play,3,neutral,neutral,neutral,negative,"this is the most advanced and dynamic app in the whole Bangladesh's banking community. but the reason I gave it 3 star because it sucks in every command. to be more clear, this app loads in every single press, which is more time consuming."
6ae0c15ea0759281e9b74d3fc1acb2d1b9ad357abc99b758ddcfbcca13520572,google_play,5,positive,positive,neutral,positive,Very intelligent apps
3dc38aa3321f7a3b95632782b7b719eea7dc2c72a292f8c0bb9fdd13e9664b6b,google_play,5,positive,positive,neutral,positive,Outstanding service
e2d1a3beaab2a2a6266e4c680fb61e8765841e08abab78aed1377a2a89f96959,google_play,1,negative,negative,neutral,negative,pura third class baler apps banaise. ata akdm e user friendly na 100 bar otp deya lage khali loading loading mane vai biroktikor ai apps er jnnoi akhn ai bank paltan lagbe.
d359553b657f4cf5f4a4147e381de2ecea237f4c2fcaf7cbbc63530eed761816,google_play,4,positive,positive,neutral,negative,Taking long time to open
f98d3c95112efc90e4d977bff661649da36b18475adbdfa08932a2eb59017849,google_play,4,positive,positive,neutral,negative,"Please, allow more ""words"" to write at the ""Remarks"" section. During transaction, it's really inconvenient when I'm unable to mention properly about the transaction at the ""Remarks"" section."
627fab449b41d05a093436daa081c4050bc8c745ba5fcc2949ac5a2a5f8bf6ce,google_play,5,positive,positive,neutral,positive,অনেক ধন্যবাদ
4f7de8b6f07d2e5f824c2d2470f390ff7c4caf736afe5b91b2d2cbcc888697e3,google_play,1,negative,negative,neutral,negative,they didn't listen to customers.
8bce552423a47745ae49c24b3f6ef8c14f87d4a908d649ba87ae42591e288f26,google_play,1,negative,negative,neutral,negative,I can't login. Saying cant login no connection. I have connection and i can login to every bank app only this one not working
83c4b92426d60222e59b0c3bc90cf2e350ca8e88c313e1ebb3cdae3624140a43,google_play,1,negative,negative,neutral,neutral,ফালতু অ্যাপ শুধু লোডিং নেয়।
916f94c47a76a8326d986dc2df526ed7f7c0c5067e845f848724967bf265c810,google_play,1,negative,negative,neutral,neutral,"A lot of time is lost in loading, apps.Everything else is fine"
ab30025c68587ba401309e45b0a9b26bef40e440525b58c0664885b049b85c2e,google_play,1,negative,negative,positive,positive,brac bank good
ece23eda01aa04ed7e7ca720dcaef4d66e5b6ab454d09e9677870cf9c5984193,google_play,4,positive,positive,neutral,positive,digital loon ta jdi FDR ba DPS er binimoie secure babe chalu hoto customer der jonno tahle aro besi perfect hoto
32ddd1ef2e4593b92a5fb3671eb9e360ccd2e81d0709a4714c34dd962250ccf3,google_play,1,negative,negative,neutral,negative,"It always shows your device has been rooted for the last couple of months. While Im using other bank apps without any difficulties. I mailed bank app support, however no professionalism to reply to a customer's needs. Poor"
c0d038c495371d40d0477b7823eefd07e671a0e9e9fd02a7b18891c9777590de,google_play,5,positive,positive,neutral,positive,wonderful app
1b26603a6e197d65a81b0fe13ec898d2a4502aa75aeefed784c14ec612f3b066,google_play,1,negative,negative,neutral,negative,Loading issues
f0652b8bbd8210fd020928736b7746c19d4f127a09dfab7c31d3333f166d09d6,google_play,1,negative,negative,neutral,negative,app এ ঢুকতে পারতেছি না
f1c24cd03d034c85444ffeaf6a56528c06a933675ca78149ceb6e28f7b5d14b0,google_play,5,positive,positive,neutral,neutral,"ঢুকানোর আগেই রেটিং দিতে হচ্ছে , জানিনা এপ্সটা কতোটুকু কাজের 🫣🫠😇"
5898dc3f92aa061618184c7e3c87bfbb935d611679d6a0cbc0a8b98040acc4e6,google_play,2,negative,negative,neutral,negative,"What a useless app, Android 10 doesn't work, I am telling the bank authorities to buy Android 10 updated phones. Please, to run your apps."
b60de7fdab5abbea90bae4f21974d844988d45fd5a9acc87b4a18c37ba5c452b,google_play,5,positive,positive,neutral,positive,I am satisfied.
fcbbdac7cae6d05a8991e967c8a73afbd9f9303d2d19d2c0dca1266dfc374193,google_play,5,positive,positive,neutral,positive,nice app
03505aff639d581c28208f6135cb0beeb936bd7db91d21fa0d27d825ec4d8ee2,google_play,5,positive,positive,neutral,positive,অনেক অনেক ধন্যবাদ এতো সুন্দর একটি মানুষের জন্য আস্থা তৈরি করার জন্য।
999d12e968b44c756374e54951c2a638ee7e54bc970a912a385b1e6581a03afe,google_play,1,negative,negative,negative,neutral,ব্রাক ব্যাংকের সাপোর্ট আমার দেখা সবচে খারাপ সাপোর্ট। এরা শুধু আমাদের টাকা নিয়ে খেলে। কোন একটা সমস্যা হলে তারা বলে কল সেন্টারে কথা বলতে তারপরে সেখানে সমস্যার কথা বললে তারা বলে আমাদের কাছে সমাধান করার কোন সিস্টেম নেই ইমেইল করুন তারপরে ইমেইল করলে আবার ১ সপ্তাহ পরে তারা বলে আমাদের দারা এটা করা সম্ভব না ব্রান্সে যেতে হবে। আমি বলতে চাই আমাদের একাউন্ট এর সমাধান কে করতে পারবে? আমি আছি সৌদি আরব। আমাকে বলে আপনি বাংলাদেশে এসে এটা ঠিক করে যান। এটা তাদের সাপোর্ট পাই। কল সেন্টার কিসের জন্য?
19f93fc1610f765fd2f31280394f92d658525309d158a959dbb71fe53d91f6d6,google_play,4,positive,positive,negative,negative,"I am unable to use the app. When I enter the app, it shows that the phone is rooted but my phone is not rooted. Please solve the problem."
f0c8da6a71bc524fd16a1838e3fb7faf190c31a2711f3108590ce33580ba0509,google_play,1,negative,negative,neutral,negative,trash
4540bc3441b8b63141e65160c686cf77f3ac3df2f0d665513ecd624d595a3b32,google_play,5,positive,positive,neutral,positive,more n much better
185b88da971129abf6da8e6d0365e6c594b1d9a84c040ba2506e0fcc695ba520,google_play,5,positive,positive,neutral,positive,nice app
f764dbe44e3957b53d244da44741b98d4bcc09562c96a1d44b91714f9001aece,google_play,3,neutral,neutral,positive,positive,Good 👍
3138027cd82f580ea60150e48f9e280ad62b128285f2f6f6d1fbf508c0ef7368,google_play,5,positive,positive,neutral,positive,Nicely
735ba8d240d06700e079331a89a83ec4f905205e4515823ccbd09ab7ce08cf18,google_play,5,positive,positive,neutral,positive,Nice App
8fb87fb4153a95baa8c9078b7fbddf69f2bb0b4142f525850ac843d31fe3792e,google_play,5,positive,positive,neutral,neutral,কার্ড আপডেট করেছি বাট এনেবল করা যাচ্ছে না
750d3a82dd367ce7cbed2964bf7e1bbbf2f31d51b37a0e6f71d0a6b4b663f515,google_play,5,positive,positive,neutral,positive,User friendly and pleased with it❤️
ba2d8427df12beb055e77a883f2d5e1fb1e9e222530b10bfa9e094becd0d9dc0,google_play,5,positive,positive,neutral,positive,awesome app astha
df26f85f2f2c104a8b33e2a3025b6a77d679ad8227a1772134d6ad98c1ae94c3,google_play,1,negative,negative,neutral,neutral,1 from 5
20b16484a5725d10eba47270e5274d731a4a265516f62e0c70bc2278fb8a9b0e,google_play,5,positive,positive,neutral,positive,Can be used in a very nice way
c3dfe06a970a86c929ccbeab607d032f070aeef14773594b3f90efa6a590fec1,google_play,5,positive,positive,neutral,negative,FD auto renewal does not work from app. Thats why 4*
b3a460c19b5432bc1feb3ca800e596d7797c01c74866512e37c4a6c554c8f246,google_play,4,positive,positive,neutral,neutral,"Its better now। However, Astha App should have feature for USD endorsement on credit and debit card"
60cd485513ad9cbf9956b0c3f5cfd8b2b56a0d1a95247df91f603ba58312596e,google_play,3,neutral,neutral,neutral,negative,Smoothness is low. It should be increased.
0b7f26473ec9ea3037cf3a7d0f430b58ff6c38ca8e4507349bdea5215cce434a,google_play,5,positive,positive,neutral,positive,nice banking apps... in our country..
df7bad47c8129f50ae51787d0ed2c16113e7cd401d54ae332b04f73994e4aaaa,google_play,3,neutral,neutral,neutral,negative,Everything is very Good but very slow..too much slow app
dc51e2ffbb7351c26497ec75e2bb0dfd31627e71d37330146e35abf57939c669,google_play,5,positive,positive,neutral,positive,very satisfied.
65abf989a86345c8c11400ae44bd33dd16fb16304311398a6bd312e59dbd2e1d,google_play,5,positive,positive,negative,negative,a banking apps shouldn't be like this. nowadays I have worst experience. brake bank should pay attention. most of time it's very hard to login and even does not work at all.
1a6ea5ce3d885aac6462d30174e19ccadb3cb61fdf54aab179566670766062b4,google_play,5,positive,positive,neutral,positive,awesome
83e88172109a03eb55a0dc944d0690f22d28d1df5b5fbc8e388091198c82448e,google_play,5,positive,positive,positive,neutral,Best banking apps in Bangladesh
3da3f4021c874340637249926953b3883afc0ea4a545dddb549ad03b37196519,google_play,5,positive,positive,positive,neutral,"There is no doubt about that this is the best banking app of Bangladesh, but recently the UI is working little bit slower which should be faster like older versions."
c38a4f83792210494b3825b6eda864a1efde7ea4d2c6e55ed2fc10a019eab6cb,google_play,5,positive,positive,neutral,neutral,"The application offers convenient functionality with robust security measures. However, the 5G network compatibility is currently experiencing issues, and we recommend that the development team address this matter."
1479f553138f7acf50911348961e2fb338a0507e0ad6c4af6daf943f8e89f446,google_play,5,positive,positive,neutral,positive,ব্রাক মানেই আস্থা❤️
f317fb83f10aea2fd0213b321249256ca738d1c166e85fa4e2d90005a691b6a6,google_play,4,positive,positive,neutral,neutral,osadharan
94da2cf86852af441ea6489d6b07d0dd198442d319ec7e7c217e6ca6378ae33b,google_play,4,positive,positive,neutral,negative,"Pretty good overall, but very slow in loading and moving from one function to another."
16fd811d86cbb0c99c2236207ccc01d618d002dcfd6e18b2304e1059a64c8c3b,google_play,3,neutral,neutral,neutral,negative,good but slow in use
94dbc3cdc38471e4d96d24f2fd5d79a966a8d57793923f0a8fe50e70c65eff53,google_play,4,positive,positive,negative,negative,Everything about the Aastha app is very beautiful but it takes a lot of time to load and is slow.
f80c476a409ad3d9b351aff3ee29c3d2e9fe69cbbe6ec5f0ede15e2be418703a,google_play,5,positive,positive,neutral,positive,Nice App
e0109c0d61c85fa695d4e45d87e88bfcd48576d171f3aedb085d6860a1b75695,google_play,5,positive,positive,neutral,positive,five star review
7a0627c95bf73daaa0e2e86c9cbaf7f4f8f27b75ba531637107b773b98537c5d,google_play,5,positive,positive,positive,neutral,Best Banking Apps in Bangladesh.
5fea5675714e4cba0f709f0286b044554e9172c412a3e96b9ac8e59d28ca6bb7,google_play,5,positive,positive,neutral,positive,i like it
c4bc4df68d23c928ebaa003f47dfb14259b8ada7e7d3cb9463ff9f928528430a,google_play,5,positive,positive,neutral,positive,many many thanks
338ddb2c9baf0cd1537b23c8519adb3ea863ce1828789915adfc9d4044b43f33,google_play,4,positive,positive,neutral,neutral,it's good app . but a little bit slow.
472ac0c2f4946ceabe31b045479baba8a9ebf1d1a9ebacdf2d2bfb5e4da03147,google_play,1,negative,negative,neutral,negative,falto app
804ef9f82266af9dd2d65750944784955097888550fea84bc22e384de26e2262,google_play,1,negative,negative,positive,negative,not good
95e9be82bd46cb2c4d772f86f6af3171547069163a1fae1af0c53ae6edfa46c9,google_play,5,positive,positive,neutral,positive,easy to use
f5d2154696d3fe4c60da47ccac9a1af3c5f2e16aef3090eb6f9d94ebbe23ab1a,google_play,2,negative,negative,neutral,positive,"I think bekash is the most gorgeous paying pannel in Bangladesh,We can get lots of facilities from bekash,like bill pay,savings account and money more.ok,thanks"
dff4085adbc8af28eb14b5639a526a39cca373b6dfeffb447da87cd1e0c08066,google_play,4,positive,positive,negative,negative,"User Id and password of this app remain saved in the keyboard. It is a security problem. User Id may remain saved but the password should not be saved. In addition, in the purchase of commodities for 5000 taka, atm card requires no password, it is also a security issue. I hope the authority will take necessary actions in this regard."
f33379b7e5934fcf4b8907e8a35214621dd63e7fe4757ba34991e6faf0181f65,google_play,2,negative,negative,neutral,neutral,ব্রাক ব্যাংকের সফটওয়্যার লোডিং এর ব্যাপার এটা নতুন কিছু না তাদের উচিত সফটওয়্যার যেন স্মুথ এবং হাই স্পিডে কাজ করে
caa3332d54c68fa8653829e97ffd271ec268d57ac18186af376b70d9163326c9,google_play,5,positive,positive,positive,negative,"The BRAC Bank Astha app is good and has many useful features, but the overall user experience feels quite slow. The UI is not smooth, and almost every function takes a long time to open or respond. Dear developers, please focus on improving the speed and performance of the app. If the UI becomes faster and smoother, this will truly be one of the best banking apps in Bangladesh."
00fddee54b292f1db11766e46aba2ca53eb032cb782c99cd154da5161ce85c26,google_play,4,positive,positive,neutral,neutral,Please make arrangements so that we can use Google Play. back bank.
171f1c8cd6325c752e6d7d9f39114497b4a53c4b45881b9e2689b038aedf966d,google_play,5,positive,positive,neutral,positive,thanks again brac bank Astha..
fad9f5ba3434fe2ca3a65fac0612659d87c09fa4ee44c71cb91f940923899db9,google_play,1,negative,negative,neutral,neutral,"অ্যাপ অনেক স্লো কাজ করে।ডিপিএস রেট দেখতে গেলে একাউন্টে ব্যালেন্স ছাড়া দেখা যায় না ডিপিএস রেট কত?ডিপিএস এর ম্যাচুরিটির পর গ্রাহকের ১৫% ভ্যাট কাটার পর কত টাকা পাবে এটা লেখা আসে না। একাউন্টে ব্যালেন্স না থাকলে ও যেন ডিপিএস এর রেট এবং ম্যাচিউরিটির পর কত টাকা পাবে সেটা দেখা যায় এবং এফডিআরে কত টাকা রাখলে,কত টাকা পাবে সেটা দেখা যায়।"
99248b5e07df27bca5dc20c5d2e229ecc6ed666bc85442dc158e0e3030ca9d53,google_play,5,positive,positive,neutral,positive,very nice 🙂
1bb0fc8894b9febbe99ffd27e7de854a2af344a66261af0507921fe9248334bc,google_play,2,negative,negative,neutral,neutral,"hello,আপনাদের international Brac bank astha app , bkash wallet এর মতো আরো সুন্দর ডিজাইন করা দরকার।"
0efc6ea9ce4ecc15edd5af570fcfe216e2618bab8892cea12a9c6b4bacc376fe,google_play,5,positive,positive,neutral,neutral,FOYSAL
4518cd1485523422b44668111a12c6ec78912c63be1e3084af9d3da3b410e8ef,google_play,5,positive,positive,neutral,positive,"Dear Team, Your Astha App is generally good, but currently it works quite slowly. Kindly look into this issue. Also, if you could enable Face login along with biometric login, it would make the app more convenient for users. Wishing you continued success. Thank you."
9203331e706c53a118d904321e6248714bf33ca22e17502c00d9cc48b0f4805c,google_play,1,negative,negative,neutral,negative,"i am unable to use the app after updating the app, i use multiple banking apps, this is the only one that i am getting issues in, whenever i open the application, it displays that ""Device is rooted"" whereas my device is not, i have complained on the helpline also at one of the branches, still i couldn't find any solution, i just hope that they can fix it as early as possible, thank you"
772119278cda8109442f000f79d8316a2f277aebbf01502a8b3b79529b7df498,google_play,1,negative,negative,neutral,neutral,"Brac bank account three star,apps one star."
5e92a93cb39de5ff4ca85eb41fcf2102976acbe9af68f48efc858414863bfecf,google_play,5,positive,positive,neutral,neutral,This app is more use to other bank apps
8151b6be40f40694cc0aa63a59e7d6ef27114ef408615b40123d4374b5bfb839,google_play,2,negative,negative,neutral,negative,"app not open,,,, device bootloader is modified"
c91bf69c1956d25b5aa9cb85559623b625611fc3c6a154e4ce76495d17ade779,google_play,5,positive,positive,neutral,positive,very nice
997415991748b623e2e8186862a96bccadee0d634ee987d25aa53239e37c552b,google_play,1,negative,negative,neutral,negative,Why don't you change your app UI? This UI is not comfortable.
3c4587f94860ed4c8765ab72fbafbbbb7f2381c0c1cfbae7a46baf0548d2edde,google_play,5,positive,positive,neutral,negative,got onak vilo
f4608b81986bca4b4776527110aab712b8fd34523777aaa775b206f4f6a39a38,google_play,1,negative,negative,neutral,negative,"My device OS is already on the latest version, but the app still doesn’t let me use it and keeps asking me to update. Customer care has no solution either—they just keep telling me to update device OS again, LOL!"
89b9c35113474832f6738687996fd9e6220c56ce8575c70bcdf034588648b838,google_play,1,negative,negative,neutral,neutral,"আমার আগে ব্যাক ব্যাংকে একটা অ্যাকাউন্ট খোলা ছিল, ওইটা অনেকদিন ব্যবহার না করার কারণে বন্ধ হয়ে গেছে, এখন আমি নতুন অ্যাকাউন্ট খুলেছি , কিন্তু আমার আস্তা অ্যাপস খোলা ছিল আগের একাউন্ট দিয়ে, এখন নতুন একাউন্টের কোন ইনফর্মেশন আমি নতুন করে আস্তা অ্যাপ পাচ্ছি না আগের একাউন্টের গুলোই সব দেখাচ্ছে এটার সমাধান কি"
a367d4fc07e59c6207146a36ae0f892fe436e5df3d66fea09db60dbdc1f42eef,google_play,1,negative,negative,neutral,neutral,জগৎতের সবচেয়ে ফালতু এ্যাপস যখন তখন টাকা আটকে যাই
0b2f0ed34dbe42ba102fbc3ef7f5a8080646bfb2bcf90d1e36a6710f90e17954,google_play,5,positive,positive,neutral,positive,useful
41741b9788da2d27b71095ac7ac638b3926c89e8691879b9de0be07305f6ab3c,google_play,5,positive,positive,neutral,positive,wonderful
4066ae0064e53c5eff884f773241ba83c8e1b5df5247226d67084ff5a6cc98a3,google_play,5,positive,positive,neutral,neutral,Smart Banking
3c172de35df2cab641979fef887c55f94b6a62ebfdaa53cb3fa80ba0bbd89f5d,google_play,4,positive,positive,neutral,positive,BRAC Bank's Astha apps are very useful. Money can be transferred from one account to another without any hassle.
9fbb41acbd46fc4b5c680a1f6356e529ce910cc53fba44014e8072492d92174a,google_play,5,positive,positive,neutral,neutral,Symphony G26
304aadb7c35305575fcf8de4d2ff9105a74cab7aaef8ef45342e74e3426bf766,google_play,5,positive,positive,neutral,positive,NFC চালু করুন। ধন্যবাদ।
07cb7cf54f9c7b3e4f35e4a1256f2d284584610b8d7a6f2fdbf0f1db8129ea22,google_play,1,negative,negative,neutral,negative,animation speed is very disgusting. lot's of Bug In apps. Very Unhappy for this.
e75cea83990917839d00f644edced57a9b57e795a8c819c18d99be993ec480aa,google_play,1,negative,negative,neutral,neutral,Distarb
032f58eb807c2c7ce87cc7b72eb183e2251fd5a1d1fe36f241e18d14e695b60f,google_play,1,negative,negative,neutral,negative,the app is full of bugs
81f45bd59626b7edd8742edeaa100bc52d493bfbf45c9f9576b8d7fa9501b626,google_play,1,negative,negative,neutral,negative,আপডেট করার পর আমার ফোনে কাজ করছে না। This Device is rooted লেখা আসছে 😡😡
dce49ee47237a759fa9134371f6ab45215ba15b5d283f1eae4eb04f8d63c579e,google_play,5,positive,positive,neutral,neutral,account is easy
37cee2159ccf037aaacfeff564b1dd112a2f9c5e129af50eba55b2775b228e60,google_play,2,negative,negative,neutral,negative,Android 8.2 is not support it.
b017d3d47fcf453ce573355e9ea09bdc74d3a7fd17e729c3a959741de6d8181e,google_play,5,positive,positive,neutral,positive,Wonderful
d8af55065f6269edb3cd9f8d79a654ee25800cc1cec6fc65bd9275f12c43a1a8,google_play,2,negative,negative,positive,negative,যতটা ভালো ভেবেছিলাম ততটা ভালো না। অনলাইন সেবা খুবই দুর্বল
a17f7e54fc46ab0ad10babfb94d870666abd765feccf9b9f657114223c2b3683,google_play,5,positive,positive,neutral,negative,above average
d26a978a2698331c01d380fa8a4a9a53e93c751dfb288d015c6439af7ccc03a8,google_play,2,negative,negative,neutral,neutral,"""Kindly update your app to improve performance, as it experiences noticeable loading delays with every click."""
f0094d19ef7a4d19e2a64593fef16c2c2c96305d544c7491e2f668f225c09256,google_play,5,positive,positive,positive,neutral,Good Banking Apps
c6b749c81309d10513d07c6ee25bc2210abd99a6d521ed7554ff51ed01a9e6d7,google_play,5,positive,positive,neutral,negative,not working my Phone
0857bf444ace6d4531400646bdaeb79cc277bf28b9715d271d06dc8bf96f780e,google_play,5,positive,positive,neutral,positive,Wonderful
4a6b2f75ea23a7723c7527ff9f97ae0b56e06a5168137dd7a78fe0a7be8dee6f,google_play,5,positive,positive,neutral,positive,Welcome to Brac Bank
bec9fb17520c261b4719b4de9c95115187c3766a4123ce5246a798f17030777e,google_play,5,positive,positive,neutral,positive,verry nice app
38ddf90e3903f6d3d803cbb535fc4d27c75af733fd7bd030e5b8220970ffc122,google_play,3,neutral,neutral,neutral,negative,personal profile editing like profile picture change option not working
7b123b273ac67b30219c1398e796ec8bc373b7cdb974db0d40a53498a0174cd1,google_play,5,positive,positive,neutral,positive,This is a very secure app. It has made my banking very easy.
7be8cfc29d43ae5e1a3f48e3623420796e3cd33e3931a8ef8f2fb7b77ab095d4,google_play,5,positive,positive,neutral,negative,অসাধারন
4853a6ee6ac050453ea0908bb6b45300c148f878437f9d1d3e87c9b865fc6419,google_play,5,positive,positive,neutral,positive,Very interested apps & simple
54b856a8a3269f42ff4e41faccf01468efe47b8fd0671eda65bbb8725d3ea905,google_play,1,negative,negative,neutral,negative,"Its been a few days I am unable to access the app. because everytime I load the app, a pop up comes saying that my Android version is older than 10,(which is not true, am on 10) update OS to use Astha. wow. The close butto on this pop up doesnt work! So how am I suppose to access the app?!!! And to make things more worse for us customers, they made the web app access dependent on mobile app to scan the QR!Moreover I am already on Android 10, then why this pop up alert in first place?! pls fix it"
ee6f81784aeec0e6a721796f3ad852c859b5b52c3059be61fc9c22450fc528b0,google_play,1,negative,negative,neutral,neutral,আমার সক্রিয় কার্ড দিয়ে অনেকবার আস্থা অ্যাপ লগইন করার চেষ্টা করেছি কিন্তু হয় না
3bd93a66da6dae7b7c6666334456c9dd0d8b12ee1d0add6acadf5c9e733ebf9c,google_play,1,negative,negative,negative,neutral,"একধম বাজে একটা ব্যবস্থা,, OTP এর জন্য দুই দিন অপেক্ষা করতে হচ্ছে,,,এ-ই রকম বাজে সেবা যদি আগে জানতাম তাহলে একাউন্ট খুলতাম না,,, শুধু একবার যদি otp আসে বাকি জিবনেও এক টাকাও পাঠাবো না এই ব্যংকে।"
0c3de74574515b6dda670f063d6500f272860846df56949c9d230640d1f81737,google_play,5,positive,positive,neutral,positive,nice service
d3a08da6ff7d76bba4a31ce56621fe5893710842eea31838af35ef248d38caeb,google_play,3,neutral,neutral,neutral,negative,"It was a 5 * app until they made the web login option dependent on the mobile app☹️☹️. This is inconvenient. My mother in law's phone got damaged and now she cannot access her account in laptop, because she must have to scan the qr code with her phone which is damaged🙄!!!"
86351b59e18d47ce05fdc2ca1b5965fdac3f540e79779a558a569579c7deef77,google_play,1,negative,negative,neutral,negative,একদম ফালতু হয়ে গেছে আজকাল। ১২ বছর ধরে কেনো যে এই ব্যাংক একাউন্ট করছি👿 এপস এ সবসময় প্রবলেম
b96cf6e86fd4ca54f00b954f3d0e3ba59029f825df9b6193d2dd972410aff178,google_play,3,neutral,neutral,neutral,negative,"Your app is packed with amazing features. I don’t think any other bank’s app in Bangladesh has so many features. However, I must say one thing — the app is extremely slow and takes a long time to load, which sometimes becomes very frustrating. Your app needs to be made faster."
ca4406585c675d5589fdd2198749c8fe8fe14207f033c2dd86f5dc69cf831fdb,google_play,5,positive,positive,neutral,neutral,It's simple।।।
85f79ca5130852f68d47665e3916655aff3e80b0181722837397a63c5c24c319,google_play,1,negative,negative,neutral,neutral,"jibon e root kori nai, koy amr phone rooted... lol"
3937e6cff6dd6ae018e3d5b5a40fb5e1005588ddaafb4ed355e05d54ad4d649d,google_play,5,positive,positive,neutral,positive,Super 😍😍😍😍😍
837846edb303956c94cda6280cf33b04a5fd4677dc40a538bf83d763e3bdb31f,google_play,4,positive,positive,neutral,positive,Compared to other banking applications this Brac Bank Astha application is way better and easier to use
71cfe3598ef79e9940460eff313098901b0f9bd15b1f4ad38e23b3e500886918,google_play,5,positive,positive,neutral,positive,nice 👍
c84d500a6e460a5700ec3fc30fcac2069c3ea3651c899b2617ae485f7653cf65,google_play,5,positive,positive,neutral,neutral,নাইস টু
05ec24f83d1713bfbff3809a00addfecdd8c7a14f18236ac95c22f5e60ad72b1,google_play,5,positive,positive,neutral,positive,Amazing App
7a7cf8e62f906519d02e825bab06f8f2dcc4b6ed96b9daaf61f0ebdcaa8b4445,google_play,2,negative,negative,neutral,negative,"this device is rooted, you can't use this app... this type of text shown... what's the solution???"
2b6ff6991acbc49159f344c6a0d69d161ac972c30e25fba0125763c6121cc7e4,google_play,4,positive,positive,neutral,neutral,need more optimization
aea965f9f990acdeb8a8824d80dd6c29b46c41467537d3640618f4a1db8dee60,google_play,1,negative,negative,neutral,neutral,"Hi im Bayejid Brank bank Astha User Please fix the loading issue in Astha Apps and check the same for Cellfin Apps.  Also, increase the maximum length of the Remarks/Reference to 50 characters when sending money to another account, and display the character count"
8edbb2822fbf8b35b6a1b8d4af37585cc167df1ddd4f1d56606909d66baec339,google_play,1,negative,negative,neutral,neutral,একাউন্ট ডরমেনট করে দেয়।
4b8e834b4bd8e2a611b54987598ea096c590bb011fe96fdc3760e5b20258b40a,google_play,5,positive,positive,neutral,neutral,Better
69e9ad9476bcab257f54d454372bfb152c6a4a579bca10ff0929e3eb7938453a,google_play,5,positive,positive,neutral,neutral,osadharon
f5e9df43a2a4896f9766c0a242810507aa4775ff951846457c53ab9c49551929,google_play,1,negative,negative,neutral,negative,too much loading
af0d638fc7b88aaaa500e0324f55c1aa982212579014b1f45d659d5ae6bd9f19,google_play,1,negative,negative,neutral,negative,"Apps take a long time to load, and then log out as soon as they load and log in."
66f2594a2f2b990e4b8d324d5509f781ff48c2471db9b93595db652be5ecc704,google_play,5,positive,positive,neutral,positive,nice 👍👍👍
c868b203f696679feb1e248472da5448f5acaef721d3011b718470353df54a3e,google_play,4,positive,positive,neutral,neutral,every thing is okay.
63a8efd67c82d805021b8af80eca953e3084744ea725e83fc33109234b027b86,google_play,5,positive,positive,neutral,negative,Well experience with Ashta app.Al is well but it has a one negative side that is when we open Astha app or do something it takes long time to load or open.Hopefully it will fixed soon..
94f1ff0e3705f5e458ae14b811874735389ec066309c1d91bb17881ea2021c52,google_play,3,neutral,neutral,neutral,negative,Can't use this app in android 10!
9baab5f9384d5bd42b4cf0913b3b1d14df4ef93a94ef53ecae56cc4c7de86557,google_play,1,negative,negative,neutral,negative,why you didn’t give foreign transaction off/ on part in app for debit card why?????
d250a7cd992ab2730aaba67ff9e3e897e1bec7cd033b8cfd8cbbe55be3471f93,google_play,1,negative,negative,neutral,negative,এক কথায় পুরাই ফালতু
644888c82ed4f6745100cc8c7e5a974632ea1d9fa667585c10497265bc94d6da,google_play,5,positive,positive,neutral,neutral,login
7cdec8ff93b55eda8edb9976f8d53ed7378124af6d2c004d99c1607fd1a7abfa,google_play,5,positive,positive,neutral,neutral,I would give a 5 star if there wasn’t the force Password change system.
04d7c4f82be66ef3d90f1027faa68fdce76fdc74eafa1d6ff3e9c8d85c216168,google_play,1,negative,negative,neutral,negative,I'm using an older version phone (Huawei y7 pro). Latest update of this app preventing me to loged in and suggesting to update my android version.
a4f75b7917ef51467a86dbe1da23bfdd0a4ef842b1ff032d2d0f617faf0f85b6,google_play,4,positive,positive,neutral,neutral,Essential apps
23185150f88a2924952fd9b6f0ef7ba2361629f0965065b7b1cbf0630d6bea9b,google_play,1,negative,negative,neutral,negative,কি সব লিখা আসতেছে this device is rooted .. you can't use this app... device bootloader is modified.... এসব ঠিক করেন আমার ফোন ঠিক আছে। আমি অ্যাপ এ ঢুকতে পারছি না আমি টাকা পাঠাতে পারছিনা খুব দ্রুত ঠিক করুন
f13ec623f2492faecc3364bf517a118ec0e458627f47e50a44c1a7ba5f72a1cb,google_play,1,negative,negative,neutral,neutral,"প্রবাসী একাউন্ট খুলেছি কিভাবে এপস ব্যাবহার করব, সৌদি নাম্বার দিয়ে নাকি বাংলাদেশের নাম্বার দিয়ে?"
c68360a3f52cdb18feea5838f491feda3e5e63277a60518f858140d386e3eb5d,google_play,5,positive,positive,neutral,positive,Nice app astha
44a62baef6663e8ccc8ad17f942c0736d4db8736b13c41c004c7b26f6aebf270,google_play,5,positive,positive,neutral,positive,Solow work kindly improve
5ac453df5d4ffd1d6b25263f870b447470f5a639589313d4a83221bc0cf855ec,google_play,5,positive,positive,neutral,negative,অ্যাপসটা অনেক স্লো। মাঝে-মাঝে ওটিপি আসে 3 মিনিটের পরে। এতে অনেক সময় অপচয় হয়।
c0b5ffabcc00b1e5632b4ee01552265aae81fa39f0e7bfe330d4577c56a48e30,google_play,1,negative,negative,neutral,negative,"After the latest update, I can't seem to get the SMS OTP whenever I initiate a transfer. What's happening?"
d7e3d7de0e847a73a404788c1b8c210affe12f732d3ccc159c720ae70604232e,google_play,1,negative,negative,negative,neutral,"🔴 সমস্যাগুলো: 1. লোডিং সমস্যা / স্লো রেসপন্স 2. এক অপশন থেকে অন্য অপশনে গেলে বারবার রিলোড 3. ব্যাক করলে আবার নতুন করে সব লোড হয় 4. ইসলামী ব্যাংক বা সোনালী ই-ওয়ালেটের তুলনায় অনেক বেশি সময় নেয় --- 🧠 এর সম্ভাব্য কারণ: অ্যাপের UI/UX ডিজাইন অপটিমাইজ না হওয়া সার্ভার রেসপন্স টাইম ধীর (backend ঠিকমতো কাজ না করা) অনেক সময় ক্যাশিং বা স্মার্ট নেভিগেশন সিস্টেম না থাকলে, প্রতিবারই নতুন করে ডেটা লোড করতে হয় কিছু ফোনে অপ্টিমাইজেশন সমস্যা বা RAM ইস্যুও হয়ে থাকে"
b9eee0e36781f8fe1092bc5b3a0dbf836d604598c26dda6556b55b2c4dca10a8,google_play,1,negative,negative,neutral,negative,"Very Poor network service, apps are too funny"
02ccb3c929c24059db54bdd8f75eed17c98a7ac20f3cab79ffddb770eae1bd44,google_play,1,negative,negative,neutral,negative,with my redmi note 9 pro max the app won't open stating that the device is rooted. in fact my device is not rooted. I even tried flashing the phone and clean install yet it shows rooted. any solutions other than buying a new phone by another maker? I used the app on the same phone for years until last month when the rooted message popped up.
1c6a94b7668003dbdc59b95beb0c89d0ee16ca3bed2586042061b0dfe50adb95,google_play,5,positive,positive,neutral,positive,nice app
a40656086c66b589ca03ebf231d774443667bd0df01e074000d9bd265c402765,google_play,1,negative,negative,neutral,negative,rooted phone not supported
63a63b3d420a195ae44006887180681cfc0fa7a38ad97ec54e01902915b9be7a,google_play,1,negative,negative,neutral,negative,Can't upload the Profile Picture on the App. Fix the bug.
5aadf28e6ffe81c10b74de43171fee4a0012873cb29c72dfb4b8a15e10db8d0d,google_play,5,positive,positive,neutral,negative,I want to get OTP in my email. I am overseas and my BD sim card expired.
cc5d14666cfe3cb7d909909481afa5401d221a746c1b4e0af989683113c1600b,google_play,5,positive,positive,positive,neutral,Best Banking App
185bf9fb8f1138713a633d8cd27e46d5702b46435ad97e95db4ff43c03c3ed60,google_play,1,negative,negative,neutral,negative,"Worse app. previous version ran but this version says your device is rooted. call center told me that unofficial mobile device is not eligible though btrc automatically generate message your device become official after use few days. Now tell me, should I change my mobile only for this app where other banking apps are running smoothly. customer harassment."
a9989022523beacc58ff88ccba6ac4d8d58a347ac2830cae663b0704b7e0d189,google_play,4,positive,positive,negative,positive,All the services in one app which is quite useful but a bit slow. Overall I am enjoying it.
7b030fd76af52b6b0fa5b09148bfab31140b5b62ea38caf0355490e168a812b5,google_play,2,negative,negative,neutral,neutral,why not open it my phone
91b15fc5585004768fb3e6985cb0afb6fdfa8786852a787bb7f523b2d3a6f438,google_play,5,positive,positive,neutral,neutral,"আস্থা অ্যাপে লগইন প্রক্রিয়া অনেক স্লো। এছাড়া, একটি অপশন থেকে অন্য অপশনে যেতে সময় বেশি লাগে। আশা করি, আপনারা অ্যাপটির পারফরম্যান্স উন্নয়নে প্রয়োজনীয় পদক্ষেপ গ্রহণ করবেন।❤"
21386ef5ae3da0c6f727a1ab078275253f1861ce27351a2838ed513b074bd949,google_play,4,positive,positive,negative,negative,the app interface is very easy and useable but i have a problem while applying for personal lean. i am from saudi arabia and i have opened an account online. I want to apply for loan but the app is not sending the otp to my sim card. please fix this problem i have opened account by my saudi sim number.
9b7f748c1edb1b8c088fd7a4cf1f4db3ce659e89b574341eba3c88515f1441f1,google_play,5,positive,positive,neutral,positive,Very Active this app
8d0899cdc7be668cba0a9d24568edb901db435c42216a6c316f94c1729766bbf,google_play,5,positive,positive,negative,negative,Nice but work slow process
799362c0bb2ca922502aac4adb5f207a693c1889d9f35de3462b4c8f919cad3b,google_play,5,positive,positive,neutral,neutral,Kindly follow City bank's virtual card formula.
001db04f1c0bbc7950e2ad7daf03fa8beb46e21c2af5424f59585f30b9d2f22d,google_play,1,negative,negative,neutral,negative,cannot open the app after the recent update. its showing the device is rooted. Please solve the issue as soon as possible.
d083a4e48bd980f81762bbbf7932000ad7eae9dd975638cb946290653184e97b,google_play,1,negative,negative,neutral,negative,UI is trash
4f773afc361a57a0ebdc284bb660d46af6d59ed05b19d47dc3c2a7701880036b,google_play,5,positive,positive,neutral,positive,"feel very easy, thank you."
fe5bed815fa2c8891d7d907505a709268dfc0ad73558d580d81550d5facceec3,google_play,1,negative,negative,neutral,negative,App can't open from One UI 8.5 in Samsung S24 Ultra.
5ec0f88ead62ee24c5197d1156fd366c970534566ddcc07baa34a4948fd459c4,google_play,5,positive,positive,neutral,positive,goood app
eab7f71185d8536e86f70cfde17fef79119bb7896d871989db5752cda82d4d91,google_play,1,negative,negative,neutral,negative,After update the apps is not working. Totally freezed. Nothing work
8638ed1fdb9824cf606d1fdd876336fd3c218d70d507c5488e5295a3afe22818,google_play,1,negative,negative,neutral,negative,Poor UX.
361f59ac27e46f6a6edc5945f16e00312d4ef04e37351b4dd00769db594e6ce8,google_play,1,negative,negative,neutral,negative,Once popular apps are useless to everyone today
b73041f40c646cc6a3ea28fa1275c1421a6a07b8cf3b4829960182927f993069,google_play,3,neutral,neutral,neutral,negative,"The bank is good and so the service, but it's very disappointing that for a long time the mobile fund transfer system, bkash is not available in the online system. I know there was some issues of frauds but turning of the feature is not the solution!! If I'm having a headache, then cutting off my head isn't a solution obviously!! I need to take the medicine and initiative steps to prevent it immediately. Please do update your security and privacy systems and turn on the MFS system again."
0107c916546bf5ebfdf19407160699aaaf1b8617dcb70246c55412361791256a,google_play,1,negative,negative,neutral,negative,The app not opening.
2557ad0bba77be1b0314d7064adbdbeae388f9ca75b808336d9df9b002fb1433,google_play,3,neutral,neutral,neutral,negative,İs this app not working?
225e12fe0c6d1859447fb79ad2431c9ed338475aab8b73c23a60ccab6f95ebb0,google_play,1,negative,negative,neutral,negative,faltu
359f336f8e139b7d735375639078eef2182603df9a177f6728d339865224c267,google_play,5,positive,positive,neutral,neutral,My life is going on save me
f2d3c18d2d49572e6462f3db4406aaa71ad4e1601933adeccb96c14ce4c5b9f3,google_play,2,negative,negative,positive,negative,"This apps is as like as a website,It is so called Standard Chartered bank apps, where Other bank's apps eaisy to send money to other bank and Bkash, adding beneficiaries, by clicking on a icon, standard Chartered bank Apps is boring, painfull apps, log in & log out system too much antique, there is no icon in sc apps I am using dutch bangla & islami bank app. they're so fast & updated than standard Chartered bank apps,"
e48caaa5cc9c10b9810672f615c4dba17d7bc1963a3398dd6f8e9592d1a64143,google_play,1,negative,negative,neutral,negative,not good... very bad...
e0d9c855f8d8b82a21221dd570ba04defd48324e59c859ece34d87d6c5a91d62,google_play,3,neutral,neutral,neutral,negative,This app feels outdated. And the log-out page has some issues. It feels like it doesn't load properly
1317099fd979c16661147c8308564844f6fa89848b406dd0857a761c11784ec2,google_play,1,negative,negative,neutral,negative,Too much complicated. After giving the ETAC it doesn’t work properly.
6bc87fbf638486c5bbf9582ad6471a4dc004bd17cf3804f75360ab888993d72c,google_play,1,negative,negative,neutral,negative,"This is one of the cheapest-looking mobile apps I have ever seen. The bank is making maximum profit in the country, yet the app looks very poor and outdated. I am very disappointed to use this app. The designer seems to have no common sense of UI/UX. Sometimes I don’t feel very secure while using this app. I’m giving one star just to leave this comment. If possible, I would give this app a negative rating."
efa94eb826bb573761f7df5cc9e67561eebe9a6a3240812bd49c48b534ab8822,google_play,1,negative,negative,neutral,neutral,app Crushing
5fed39e928e8f7603019aa419dd6d4b4c31b8bacc7ff4c4c3739de48d38a22d1,google_play,1,negative,negative,positive,negative,"in 2026... SCB has fallen far behind in terms of modernity. It would be good if the app was a little more user-friendly and the UI was nice. It would be good to do something like this so that everything can be done through the app. Best wishes SCB Bangladesh,"
e9d03ba3f1af53b4fbba11e32d0921f8cfb630fb77c3d64fef83554134f954e3,google_play,2,negative,negative,neutral,negative,There are too many bugs to list. One thing that needs an immediate fix is that the app should display the complete card transaction history. Currently it doesn't show most of the transactions in history.
69b9d76eb14a2fbcf9a45ed80b4b7ee661702d62ebab46d8c28389d68d71cdea,google_play,2,negative,negative,neutral,neutral,third class
144d2b7e905583e0b0b6ce4e1c467ba45ca8845eac189422ad0da0cd19f55824,google_play,1,negative,negative,neutral,positive,baikka app
53651b52160e9c7251307bc201682b5178f7874b52cbacc207abffdc612e1ac1,google_play,5,positive,positive,neutral,positive,"A wonderful and valuable banking app. Many, many thanks. Sohag Hossain is a UN VOLUNTEER member. International Volunteer member expert."
24a15826832e18a8c5eba30375a213fa84072ea3a7eb2c0561e12b5cac0a6181,google_play,2,negative,negative,neutral,negative,"at first I could transfer my money to bkash very easily through this app, now i don't know why but there was an option to transfer money to bkash or other MFS services app. Suddenly the option to transfer to bkash is disabled. please let me know why it happened?"
b1fc3abf2800bcb42d526f2590cae2700a122876fa8febe7c78cc6096a5f4f43,google_play,1,negative,negative,neutral,negative,Get an update on UI. This feels like 2012.
ba2683d697b05211d9351a97da45d94ab6d4663ef1361ac9db6a0c605688dfb0,google_play,1,negative,negative,neutral,positive,This is 2026. But this app like in 2010. Make it user-friendly and easy to find the options. mostly the home screen should be upgrade immediately. When I login the app It's like I'm entering blog site 😁.
d99c0b6e6728a6578de730a9b358816617ed4d66621f00002a3f99ea3b556fc9,google_play,5,positive,positive,neutral,negative,One time payment for account to account should be introduced. It is painful to add beneficiary for any single payments.
02ce67631bb28aab14effd10baec911e70647b9fd9bdc5f5e570b8c931ad5c62,google_play,1,negative,negative,neutral,negative,Wallet transfer to off ei korey rakhsen 1 year dhore. Baler security er shodon e apk run ei hoie nah! Android 16 tey kaj korey nah. Yet you disguise yourself as a multinational bank. lol！
069184716d9cd9a63624f95184a4eabb7f20c0cf1e5dd699fbb6c522f1d44d1c,google_play,5,positive,positive,positive,neutral,take love
e1b5ca4a49f00a228ae8785551235beda442f6eb3c4dcb384987cf35eece39ac,google_play,1,negative,negative,neutral,negative,"Does not work on phone with latest Android version with all the security update, but 4 year old compromised mobile works fine. I'll stick to the website. uninstalling the app"
eeb6262c3b6394dac73723d308735728fa67913cf4d4b4b58a3f5662c1f75800,google_play,2,negative,negative,neutral,negative,sometimes it's not working.
dce1506291a2a5655a571ed4f4e435711ca81026883b55e45b3a76d7015ef466,google_play,1,negative,negative,neutral,negative,This app currently not working. please take action early. Randomly saying this app is not update.
c7dc6d238261639910f2c19bd32116f8743cf9b51c0913f1eb4fcd6dfc984faa,google_play,1,negative,negative,neutral,negative,from few days ago i couldn’t use it. literally it didn’t respond. how???
63a8f899e49f04e7e5e2fa4901ced224bbcfd2b8d0ca108cca2388d28cc94ede,google_play,1,negative,negative,neutral,negative,Not using this app! It says you may need to updates the App to open it. I have already updated it. App can't open.
020d9b400c3a913ea7c1ddab6c5c5ba48606e23aa0a23ce8f5208d6bdb291a41,google_play,2,negative,negative,neutral,negative,Bkash App is disable for a long time. There is no concern about this matter.Please take immediate action and solve this issue ASAP.
15146b2ae7dea7d54497ea2b30dd2af9f4a14df6ebfdd48b5bdaec8eac603813,google_play,1,negative,negative,neutral,negative,Unable to use the app and there is no service related to this issue. Very Disappointed.
7027e403853dcb280945e4e1173fad360f3a3b5605a27770b9ca37f33620b37d,google_play,1,negative,negative,neutral,negative,Third class app service from SCB. Few days ago it crushed again and again then an update and reinstallation process fixed it and now it doesn't work on my touch and manual login too. I should say poor and inexperienced software investment from SCB management.
e718c68718bd8ab9894ed78bb490c3678f3f0b8c0bed33173605d06235b38649,google_play,1,negative,negative,neutral,negative,Face difficulty while transfer amount. Pls fix the bug
2e596763250ba58e0dfa18b4c5354b6434f56e3b0db9be9efc84dfbfbc2fb390,google_play,1,negative,negative,neutral,positive,Baje app....
eeb1a6e61eb6691540e9fe50ec7427da77d9a41eb1b9300b7f26e67dc8dcad21,google_play,1,negative,negative,neutral,negative,The app is not user friendly. Very disappointed.
dec0faea2e52cfdd1fdc0f695a720e6e3e138bc6e40eec37923e7183327e535d,google_play,1,negative,negative,neutral,neutral,দিন দিন কল সেন্টারের কাস্টমার সার্ভিস এত বাজে হয়ে গেছে কল্পনার বাইরে। ডিসপিউট সব সিস্টেমে থাকবে এটা স্বাভাবিক কিন্তু সেটা সমাধান এর প্রক্রিয়া কি?? তা মনে হয় আদৌ এই কাস্টমার সার্ভিস এ যারা আছে তারে জানে না অথবা তাদের প্রোপার কোন ট্রেনিং দেওয়া হয় না। প্লিজ SCB এর কাস্টমার সার্ভিস অনেক ভালো এবং উচ্চমানের ছিলো কিন্তু দিন দিন এইটাকে Garbage বানায় ফেলেন না।
e87ea13745f6515b105886407678274b780bea060f8e7857ea9826c5f4d1a3b1,google_play,1,negative,negative,neutral,positive,Follow CityTouch for improvement
df2a58fa5c8ac7b5e71d435be6da1f3d7e010a1d60aac3c5d665d2f3815450fb,google_play,4,positive,positive,neutral,neutral,Okay.
30386bbef5cb378441ea19785256dd5842fcef781096d5089afc89295b68572c,google_play,1,negative,negative,neutral,negative,They remove the Bkash transfer. So far wrost idea
2c0c43bf830d78457e6f1299d9e70bc646ecbcc5beb7fab7c19bac4b188833db,google_play,1,negative,negative,neutral,neutral,দুনিয়ার ফালতু অ্যাপ আমার নতুন ফোনের লেটেস্ট এন্ড্রয়েড ভার্সনে চলে না
005347922734b1161b722b7cda9c5d49b42084ad9e8f70734b43f4dfc56abd27,google_play,4,positive,positive,neutral,neutral,need to add bkash
f021dae7e9d5c151a2f1f342ad65486a27bad720ae7de02db5e1fdca2859153f,google_play,1,negative,negative,neutral,negative,not user friendly
d711ca4570c70732a2d0b658a454d1d7eb740057d4df7460eca45bff5642a5cf,google_play,1,negative,negative,neutral,neutral,whenever I open this app it first opens a webpage on chrome. Then I have to close the page and move to scb app.
1e8df966d066bb181a01444a1505b9b057e94cc825cd572eab465666e9eef69f,google_play,1,negative,negative,neutral,negative,Frustrating 😡
3b59df39e6d20f090bb731b358f7461157af30191e635634e8f7beaa18da8c40,google_play,4,positive,positive,negative,negative,"im unable to access this app,showing error,can you please help"
11a322487a3395773aea747fffa6fe78cd1da2fbaee640a96ca1b643e5dcb747,google_play,3,neutral,neutral,neutral,negative,"Sir, app not working..."
2db8cc6199b326fedc4ee4044b81c24478baf0a33d9a51a002d1bc0d2381fdfb,google_play,1,negative,negative,neutral,negative,Very disgusting app
79dcb5e524afbfa8d4c3c157ae14a5d6f8c2b0b9f795e331fd9ed272cb293449,google_play,1,negative,negative,neutral,negative,Apps touch isn't working on my Redmi note 7 pro. I am totally unable to access this app.
ae721516b993bb94186ca5f116acf5a142a315dee15947ff2bf4fecf518d591b,google_play,2,negative,negative,neutral,neutral,"bkash, Nagad, UPay kono ekta chalu koren.."
d37ee049b608c123c6bf9f175d11133562167c9215fa388380469d2603a94261,google_play,1,negative,negative,positive,negative,"সাউয়ার এপ্লিকেশন বানাইসেন আপনারা! 😡😡 বাগ, ফিক্স না করে ডেপ্লয় করেন কেন? ফার্স্ট স্ক্রিন আইসা থাকে। লগিন করা যায় মোবাইল থেকে। কি বালের ডেভেলপমেন্ট চুদান? দুই দিন যায় না, মেসেজ আসে হ্যান করেন, ত্যান করেন! এত কিছু যখন করেন তাইলে ভালোমতো করেন না ক্যান? 🤬🤬"
7198b0f9a7439e1133f66ba0e10d826d7ddb20becf7b640a3eff316ee3c32040,google_play,1,negative,negative,neutral,negative,"It worked fine at my Samsung S23 Ultra earlier, but recently after Android 16 upgrade to my phone. the app stops working,. Please help.."
9553e99afcf04ec29e1a7901237942279565fa25f5da47dbddec40975ad429aa,google_play,1,negative,negative,neutral,negative,"after new update, app just open & stuck. no function working. so disappointing!!!"
fa7b481f7cb00cfafb6c10b8c9199eb9ff3de26064526d8986c7bb490a82ce5f,google_play,1,negative,negative,positive,positive,very good
a6d6a00936e3f6c12487426ba9604d07b49fbd73001f92b3db45a5f546497a24,google_play,1,negative,negative,neutral,negative,"it was 5 star, but after updating on 9 Dec 2025, I cannot login, even after reinstall, no response in the apps. please fix as soon as possible."
af5b7dcbc8bee139cb61d952958311d1ce693cf48c104e9eeaa1e3edcf09bebb,google_play,2,negative,negative,neutral,negative,"Recently, the app's screen became unresponsive to touch in my android phone, nothing is working. the interface is stays frozen in the home screen. Unable to login to the app due to this."
ef5558d2db634b91c06f0023f0ffc924f5e09b789b43176ba65a2faa162567fc,google_play,5,positive,positive,neutral,neutral,Help full app
5bd18b9544907d64b078486fad77053879fd7dc9c7fa2a576019a7f79ff01387,google_play,4,positive,positive,neutral,negative,Mobile Bangking process is very punk. Soluld be added all mobile bangking system.
969d805d7b1efef1c9b192f69088dbcb5bbc3b536003f8ad84b8b07cacbe6f02,google_play,3,neutral,neutral,negative,negative,"*Urgent* The screen touch of the app suddenly stopped responding. I am using android. Its used to be worked fine previously. All others apps in my phone are working fine, so its not device problem I checked. I restarted the device, reinstalled the app still the same problem. Someone please help."
2c68f92a4b447ec5de4cb3ecb23d47f5455abf57bbdd7d66e4c122478e8544ed,google_play,1,negative,negative,neutral,negative,"Recently the app is not working. Tried the reinstallation process, yet not working."
03305bc5f4f7ff18eeac61c4a0a90513ed127d601c610d10c515e60534362a1f,google_play,1,negative,negative,neutral,positive,After installing this new apps I can't excess at all.
f633a815fa7072fb959958a2db4b5772bd7c3dcd5c14c26785c1028ffe01f5b6,google_play,1,negative,negative,neutral,negative,Useless app I've ever seen! The UI and UX is terrible!!!
281a9efc098cfbf9ac03b1145c2171a56c71127dd13625ad38f36e7c778e54e6,google_play,3,neutral,neutral,negative,negative,"After installing the new update, the app stopped working. When I open it, it redirects me to my browser and shows “Error #1007.” After that, the app keeps showing “SC Mobile app failed to start.” Please fix this issue as soon as possible."
8dadc57cd50a664b37faf251251a90421f731f56d80d66a2a40f550bfd852441,google_play,1,negative,negative,positive,negative,The latest update made it unusable. Fix it fast. And stop throwing blame to the customer saying its their fault. its the fault of your developers. Fix it.
87564a04cdab0bbb157b4d96304c96168967ae2704a4d17ca096023706d5f695,google_play,1,negative,negative,neutral,negative,after last update not working.
d0ac3f2de847e6448e8d22c095a3d763f845a488aefa94a75caa352a020350c9,google_play,1,negative,negative,neutral,negative,"When i enter sc app , wver te showing the ppage telling that my app is not updated.. several time of reinstall didn't solve the issus.. sc is getting annoying day by day.."
bc716f72ddb4706041681c2171437449a70bf9471759e1dbe18c7cacc44ee752,google_play,1,negative,negative,neutral,negative,Why the hell do I need to change my keyboard to access the app?
1290aca4bf0c88cfd44b32fa3e9524d03e934afa62569e220568bfdd954f9d0c,google_play,1,negative,negative,neutral,negative,"not working app all of a sudden! it says download latest version, but there are no other versions here"
5bfd32382913c82a6fb756d9f31ae50b86948c43b12f001dc0d213b38d4a37f9,google_play,1,negative,negative,neutral,negative,Suddenly app is stop working. it just become freez after opening the login page. i cann't select login by touching it. i have uninstall and reinstall it but same thing appear. i have contacted with their helpline and tried everything they said but nothing changed.
ff2616ee03e675f17a89afeb42cc009c2a4f47ff232fdb6e6706a20f0173e0e9,google_play,1,negative,negative,neutral,negative,too many not friendly apps.Bank Asia app more than better SCB bank apps
dbb448c51b1e62947c71985d2c83ad1985bdb9a1fc74aac66ba0caa39653f907,google_play,1,negative,negative,neutral,negative,Updated version not working!!
0cbbfe836e3c8b220b4192e45e5393d0834f4fd7fc8d319e1255a863c6871433,google_play,1,negative,negative,neutral,neutral,After updating can't use it anymore. before the update it was fair enough to use.
c0602cc103dc5c6e537b1a5b16f683c247d3faeda6ebf5556d06034838385dfe,google_play,1,negative,negative,neutral,negative,the app doesn't open after latest update
9af831358220c2a69205a065ff6f5b6f809b03121e56c4a21910e70ac2b7a65a,google_play,1,negative,negative,positive,negative,Android 14 with September 2025 update. Downloaded the latest version but your security block won't let me use the app saying update to latest version or update your device. All other banking apps work fine but SC Mobile deems my mobile isn't good enough anymore... Trash app.
a0ef7635644a98af12a69c36f3d280a47b9d99b35f6af458b922cded7db53b47,google_play,2,negative,negative,neutral,negative,After the recent update the apps are not working.
17a5c6d0a0beec573f4fec504b98d97ba3b6a8074181f977f2325e081b347e3f,google_play,1,negative,negative,neutral,negative,Simply it's a piece of rubbish. Doesn't work most of the time. Didn't expect from SC.
2c23274d60f1dea129a286ce261a0c360f0aee3f495729421f9a9b421df41039,google_play,1,negative,negative,positive,neutral,"Could you please explain how some random ""Desh Bangla Keyboard"", ""Easy Bengali Keyboard"", ""Bangla Keyboard Bengali Typing"", ""Bangla Phonetic Keyboard"", ""Best Bengali Keyboard"" is more trusted than ""Gboard""? We can trust ""Ridmik Keyboard"" and ""Bijoy Keyboard"", but we cannot trust ""Gboard""?"
396aabdcbe727c5db088b9953d62059d4ab40b06783e426a5fe20dc00d87a8ed,google_play,1,negative,negative,neutral,negative,"the app not running in my phone, please get some fix."
d0e8e56c648c998b487fbb3070ba350332850b1bf83d1ee120fe13fe9f1ffd5b,google_play,1,negative,negative,neutral,negative,This last update is absolute wreck... Can't even open the app
27f18174fdf5c9bf8f60d080db0cd5384247ba812a5cb5e846334211abb1728e,google_play,1,negative,negative,neutral,negative,After updating newer versions it is redirecting to a webpage telling update mobile apps update phone etc. can't use the app now. before launching a new release kindly do a thorough testing. dont expect such things from SCB. Disappointed
bb6b47419fcfa262dc94fa5f55c1a4f52a188edb6dcf71af705a2de5bfd09d52,google_play,1,negative,negative,neutral,negative,Latest update make it unusable. plz work on it.
fd01cd824fc68ac50b131c2ff4a3582c7ebc039f07cca67fb03bb8b1a21f519c,google_play,1,negative,negative,neutral,negative,trash 🗑️
dcb2488eb8e6d050616286955729261860c1e4fc98e1e8272f6f780824c1f339,google_play,1,negative,negative,neutral,negative,"app is useless after update. called helpline, couldn't even grasp what i was saying. read out the written script. no use."
d7a082114bdec6b171003cf35b7be9e163660baa5b4670ebb4de71a8d993957d,google_play,1,negative,negative,neutral,negative,trash 🗑️
5554de1ef5cc8297b25803b055069bbac9dea845ac98f6e4abf7fcb2d9d283fc,google_play,2,negative,negative,neutral,negative,not working after update
ff0341a8ed1b8226a34fd66283ffd25f0fe3224c6289c16c2b3c606b17095589,google_play,1,negative,negative,neutral,negative,Keeps crushing
dd8c385ef96b114148757d7f82937e7f1084fae290dab727712ca8038369f181,google_play,1,negative,negative,neutral,negative,"Add payee, the mobile finance services option is missing, please solve this issue"
5814176f7e59d299286e5f1bd5c39ee8afc9db9971c534fb546d1fc7d08a6976,google_play,1,negative,negative,neutral,negative,"When I update it, the Secure Folder is not working and says “install associated app in Secure Folder.” What are the other apps associated with it?"
fe7e93f58e8fd7f408fc6a4ed3e774fb838c2507349d84b4c22fe2f2bb48fab4,google_play,1,negative,negative,neutral,negative,App not working. please fix it@SCB
214f048ea619067d0394a845cf15e534e1a94387cca04febf039bd140203d298,google_play,1,negative,negative,neutral,negative,"After the recent update, the app keeps auto-closing after launch each time, rendering it completely unusable. Please fix this ASAP."
8f66fa222af980019238f25ba590459a59383a7faaadfde8357c6a8afbd2e7b4,google_play,1,negative,negative,neutral,negative,Is a disaster update by developing team..I can't open my app. please fixed it.
9b28a6ef0be0263904f54360f36a97d50f0d2c4bc6b89a0f9c41d7da0a21cee4,google_play,1,negative,negative,neutral,negative,Why i don't know when i enter the app can't work touching. developer team please fixed it as soon as possible.
1b5ecf50c7122e19e985989d97a5913b76ff0cc54c7be1be6bd0a9f4d436b0e9,google_play,3,neutral,neutral,negative,negative,App is not opening and crashing after this new update. Please fix it.
a28c840312cabacfc86a9b17ee5c67705539d45f92eadba8f996efea238dbbaa,google_play,1,negative,negative,neutral,negative,Very disappointing app experience. I just installed the app but when I open the app it's asking me to update the app otherwise I won't be able to use it. And the app store says there is no new update compared to my installed version. Such a disgraceful IT team at SCB.
f717d7e1a188493f5845b6db34a25c99b20240ed747a4dddf4a245927e13121d,google_play,1,negative,negative,neutral,negative,app not working after latest update!!! fix immediately!
a584e28f8c648b5c3377eb637732b16f3e642a3424757b1a4a69ae463837ccbc,google_play,2,negative,negative,neutral,negative,i updated the app but its shows that my apps is not updated. also its a very hard to use for beginners. also i can't transaction with Bkash.
53396dad2ebbe800839ade609ca7d7239abd08bb94e1131b73109474c2645c17,google_play,5,positive,positive,negative,negative,It's very slow and laggy apps
57b7578bc2ebff48b6f94079303312a539f68cc6204225615c1aac7dd60ad5fa,google_play,1,negative,negative,neutral,negative,App not opening after the latest update.
ad33b3c3ed489dfe491039e9ae629b37ed731100cf148824e3d0f97cf9b034a8,google_play,5,positive,positive,neutral,negative,হঠাৎ করে অ্যাপস কাজ করা বন্ধ করে দিয়েছে এখন সেটে আর সাপোর্ট করছে না
8b1925c4bb00fc9a190af76f1f8cf5b402ed0dd186417e93995789a6c4a4e3f9,google_play,1,negative,negative,neutral,negative,very poor update...I can't do any transaction
28b9fbd963ced36a2a703e712efbcf3bbd64dba0e1a6abd211df2285a701094e,google_play,1,negative,negative,neutral,negative,"Apps not working after updateAll transactions closed for the day, please provide a quick solution."
a3e897de4472a4a11a28aab7f84f2a7d1ed181aa4ee510f09f02b1e4b7fb05ea,google_play,3,neutral,neutral,neutral,negative,After update Unable to login to scb apps today.
3c6b1371d5f742ebacd1599ab91b0aace55a0df409bedf5b0346c201ee52a4d7,google_play,1,negative,negative,neutral,negative,"Apps user interface is not useful ad like other bank, such as cellfin, nexus pay, brack, mtb."
941fb6d58fc686da0a96ddc997ba7c94102a46e5a5562d7a312ec1e320bf5f7e,google_play,1,negative,negative,neutral,negative,"I'm really disappointing about this app. UI is really 3rd class & confusing. There are brac bank, mutual trust bank, u can copy their UI."
a62fea66d69222d924a5e0cb81d5994786718ef23c34063726cbed8c7b281a87,google_play,1,negative,negative,positive,negative,This app is helpful but the bank is operating by Bangladeshi people. They don't understand how to provide good customer service. The people are working in a multinational bank but their mentality is not up to the mark. I called them a few times to change my email address & phone number. which is not active now. It was my official phone number & email. Currently i am in the USA and before I came here I gave all my documents to the standard chartered bank gulshan -1. But they don't contract me.
2f70ce8c33b7e00089634cab6a26d78dc9e886845d7baedfb35f2f553ce3e30d,google_play,1,negative,negative,neutral,negative,"They literally hired some school kids who just learned HTML to develop this app. Such a disgrace. Especially if you want to use their credit card, please don't do that! You will definitely regret the decision."
d543e56a3d114545407fb365fca81f1a0a262321331d02f46196ed1b3042389f,google_play,5,positive,positive,neutral,positive,Nice app
65f325d4bbd9cc13b1c7bb6222bee5de7d847b2ce9d33f6c6bd2fe969037a877,google_play,1,negative,negative,neutral,negative,app is very solo and same day Bikas at no money is cate place upload this system
5de6d8fcbb30bf7f85a1253559a7b62929d7526db630e40c29f6d7e40d1a7383,google_play,1,negative,negative,neutral,negative,Shittiest banking app in Bangladesh!
26b2c8e46ab2e97a96717de5f1b9bf3047132750e2f0a238d6218b2c52c314ad,google_play,1,negative,negative,neutral,negative,"If there were options for rating less than a star, I would definitely rate that. I wonder how a multinational bank has such a poor app! I think they have made the app by designers from schools"
e1bbc814dbf9879d02efbe155aef9b879282a334d76ec718a8fd4b57859d5b2f,google_play,4,positive,positive,neutral,neutral,"The balance is displayed on the home page as soon as the app is launched, in my opinion the balance should be hidden."
aa332f968225507133333859f8b3285897a5c489d83e53fd83f549dfc06caa70,google_play,5,positive,positive,neutral,positive,well thanks
662c44ac087cb84a60079ece9eddf25c89d3fce0f648d51c8af51f5489bb56f5,google_play,5,positive,positive,neutral,positive,A reputable bank in Bangladesh
6c442bdbbcb8ee5605b4f7655e8862cab8ca683cca1569f828ede21526f84a98,google_play,1,negative,negative,neutral,neutral,ফালতুস অফ দ্যা ফালতু সার্ভিস এভার।
d88cda53c6b470760f4a98a54513a9b946592d2dc0b64a4f6fb14b7e28edba16,google_play,1,negative,negative,neutral,neutral,Need UI Update..
eaba304c080276f88f6e517572c69431a64caa3448cfb43efb692147209704b6,google_play,1,negative,negative,neutral,negative,Very slow. UI is not good and not user friendly
c59c29fb723ddcad0207f008f74e1fcffe70f6461f0d5bf35e71471c4aa84a03,google_play,1,negative,negative,neutral,negative,Low quality Service provider bank in Bangladesh. Security system is very very low. Avoid this apps and bank.
79fdaa38607466a8ee4a3ba885be5c11bfd4793facdc4aa74ca73570c62a1188,google_play,1,negative,negative,neutral,neutral,My 50k taka has been taken though I've not shared OTP.
db739bceb2244b66f694f17c925cad1fd6de70cad8f9c5f281023cf39b310603,google_play,1,negative,negative,neutral,negative,app good but you have the worst customer service in bd irresponsible and not supportive
ffb09ea7e409a6dd256bcf064bb94528e1948bd38f936338e5965165d14860b0,google_play,4,positive,positive,neutral,negative,"Please update your App interface, it looks bland compared to other SC apps."
d52715cab5cee2ff73f92d101ef5965e3af1ca6527e358bdcc91aa0635f170d6,google_play,2,negative,negative,neutral,negative,"জঘন্য এক্সপেরিয়েন্স, দুঃখিত। ইউজার ফ্রেন্ডলি না। ব্র্যাক আস্থা এ্যাপ দেখতে পারেন। take suggestions from them. আর কল সেন্টারে যারা কাজ করে তাদের বেশির ভাগই কোনো না কোনো স্টাফ এর আত্নীয়, শালা সম্বুন্ধি - বোঝাই যায় 🙂। মোস্ট of them are so unprofessional, so inefficient and so umderperforming that I sometimes doubt what exactly made SCB HR to hire them? what did they see in those brain-dead call center staffs while hiring them ?????"
6cb568c3efd58bee0bf378d7a7dc97d03f167af30574371c89e0e4ff803adce6,google_play,4,positive,positive,neutral,neutral,"There have an option about receipt copy download but didn’t this service available. When I fund transfer or any bill pay uding SCB online I couldn’t provide any receipt copy to beneficiary. Here, in the history, there will be a column for the transaction number. By touching the transaction number, a receipt copy of that transaction will appear and can be downloaded if desired"
5fb48d6f3ad6de2182cb9368d2118e0d81e9064a893106798850bfc8ebcd9df6,google_play,5,positive,positive,neutral,negative,fingerprint does not work on android pi
3b54ea423fbb22cbdc9addd6fedc458f53392f182da817b25b10dbf38be53ffa,google_play,4,positive,positive,negative,negative,The App is not working. I have uninstalled and reinstalled again same problem exist. But from URL it's accessible.
9c33044b82b2e5df097f994a89eea49ea7b426b8b24b6cd29cd4d278b708b992,google_play,1,negative,negative,neutral,negative,Fingerprint login not working. No solution even after multiple reports.
